input_name,desalted_inchikey,desalted_pref_name,sum_total_count,substrate_count,inhibitor_count,inducer_count,other_count,inhibitor_score,substrate_score,label
verapamil,SGTNSNPWRIOYBX-UHFFFAOYSA-N,Verapamil,1416,169,1212,12,23,0.855932203389226,0.11935028248579142,1
cyclosporin A,PMATZTZNYRCHOR-CGLBZJNRSA-N,cyclosporin A,857,177,649,8,23,0.7572928821461409,0.20653442240349296,1
PSC833,YJDYDFNKCBANTM-QCWCSKBGSA-N,Valspodar,352,3,344,0,5,0.977272727269951,0.00852272727270306,1
elacridar,OSFCMRGOZNQUSW-UHFFFAOYSA-N,Elacridar,256,2,251,0,3,0.9804687499961701,0.007812499999969483,1
tariquidar,LGGHDPFKSSRQNS-UHFFFAOYSA-N,Tariquidar,216,4,208,0,4,0.9629629629585048,0.018518518518432784,1
ketoconazole,XMAYWYJOQHXEEK-UHFFFAOYSA-N,Ketoconazole,98,7,83,1,7,0.8469387755015618,0.07142857142784256,1
itraconazole,VHVPQPYKVGDNFY-UHFFFAOYSA-N,Itraconazole,89,4,82,0,3,0.9213483145963893,0.044943820224214115,1
quercetin,REFJWTPEDVJJIY-UHFFFAOYSA-N,Quercetin,87,5,64,7,11,0.7356321838995904,0.0574712643671555,1
curcumin,ZIUSSTSXXLLKKK-KOBPDPAPSA-N,Curcumin,84,9,66,1,8,0.785714285704932,0.10714285714158163,1
zosuquidar,IHOVFYSQUDPMCN-DBEBIPAYSA-N,Zosuquidar,69,0,69,0,0,0.9999999999855071,0.0,1
clarithromycin,AGOYDEPGAOXOCK-KCBOHYOISA-N,Clarithromycin,60,11,47,0,2,0.7833333333202778,0.1833333333302778,1
amiodarone,IYIKLHRQXLHMJQ-UHFFFAOYSA-N,Amiodarone,38,1,36,1,0,0.9473684210277009,0.026315789472991694,1
LY335979,IHOVFYSQUDPMCN-XAKVHENESA-N,Zosuquidar,37,0,37,0,0,0.9999999999729731,0.0,1
tetrandrine,WVTKBKWTSCPRNU-KYJUHHDHSA-N,Tetrandrine,34,0,33,0,1,0.970588235265571,0.0,1
diltiazem,HSUGRBWQSSZJOP-RTWAWAEBSA-N,Diltiazem,33,5,25,1,2,0.7575757575528008,0.15151515151056016,1
quinine,LOUPRKONTZGTKE-WZBLMQSHSA-N,Quinine,31,5,24,0,2,0.7741935483621228,0.16129032257544224,1
epigallocatechin gallate,WMBWREPUVVBILR-WIYYLYMNSA-N,Epigallocatechin Gallate,31,0,25,1,5,0.8064516128772112,0.0,1
piperine,MXXWOMGUGJBKIW-YPCIICBESA-N,Piperine,29,1,22,2,4,0.7586206896290131,0.03448275861950059,1
R-verapamil,SGTNSNPWRIOYBX-HHHXNRCGSA-N,Dexverapamil,29,1,28,0,0,0.9655172413460167,0.03448275861950059,1
reserpine,QEVHRUUCFGRFIF-MDEJGZGSSA-N,Reserpine,27,1,23,3,0,0.8518518518203018,0.03703703703566529,1
dipyridamole,IZEKFCXSFNUWAM-UHFFFAOYSA-N,Dipyridamole,25,2,23,0,0,0.9199999999632,0.0799999999968,1
encequidar,AHJUHHDDCJQACA-UHFFFAOYSA-N,Encequidar,21,0,21,0,0,0.999999999952381,0.0,1
nitric oxide,MWUXSHHQAYIFBG-UHFFFAOYSA-N,Nitric Oxide,21,0,18,0,3,0.8571428571020409,0.0,1
cepharanthine,YVPXVXANRNDGTA-WDYNHAJCSA-N,Cepharanthine,20,1,19,0,0,0.9499999999525,0.0499999999975,1
VX-710,CGVWPQOFHSAKRR-NDEPHWFRSA-N,Biricodar,19,0,18,0,1,0.9473684210027701,0.0,1
Tween 80,HDTIFOGXOGLRCB-KTKRTIGZSA-N,Tween 80,19,0,16,0,3,0.8421052631135734,0.0,1
trifluoperazine,ZEWQUBUPAILYHI-UHFFFAOYSA-N,Trifluoperazine,18,1,16,0,1,0.8888888888395061,0.05555555555246913,1
compound 5,OCTNNAIBEKZOPK-BWLIDFMXSA-N,"(2S)-2-[[(2Z,4E)-hexa-2,4-dienoyl]amino]-4-[(2Z,4E)-hexa-2,4-dienoyl]sulfanylbutanoic acid",16,1,14,0,1,0.8749999999453125,0.06249999999609375,1
probenecid,DBABZHXKTCFAPX-UHFFFAOYSA-N,Probenecid,15,0,12,0,3,0.7999999999466667,0.0,1
tangeretin,ULSUXBXHSYSGDT-UHFFFAOYSA-N,Tangeretin,15,1,13,1,0,0.8666666666088889,0.06666666666222222,1
naringin,DFPMSGMNTNDNHN-ZPHOTFPESA-N,Naringin,14,1,11,1,1,0.7857142856581633,0.07142857142346938,1
compound 3,DIDJTOBWBNSVKL-SSDOTTSWSA-N,Compound 3,14,0,12,2,0,0.8571428570816326,0.0,1
MS-209,KLWUUPVJTLHYIM-UHFFFAOYSA-N,Dofequidar,14,0,14,0,0,0.9999999999285715,0.0,1
morin,YXOLAZRVSSWPPT-UHFFFAOYSA-N,Morin,14,2,12,0,0,0.8571428570816326,0.14285714284693876,1
pantoprazole,IQPSEEYGBUAQFF-UHFFFAOYSA-N,Pantoprazole,12,2,10,0,0,0.8333333332638889,0.16666666665277777,1
nobiletin,MRIAQLRQZPPODS-UHFFFAOYSA-N,Nobiletin,12,0,12,0,0,0.9999999999166667,0.0,1
compound 7,OJHMDRZMENMQFP-UHFFFAOYSA-N,Ldn-91946,12,1,9,1,1,0.7499999999375,0.08333333332638888,1
compound 9,QKHWJUMLYAYZFS-ONEGZZNKSA-N,"5-(2-Fluoro-5-{(1E)-3-[3-hydroxy-2-(methoxycarbonyl)phenoxy]-1-propen-1-yl}phenyl)-1,2-oxazole-3-carboxylic acid",12,0,9,0,3,0.7499999999375,0.0,1
guggulsterone,WDXRGPWQVHZTQJ-OSJVMJFVSA-N,Guggulsterone,12,0,11,0,1,0.9166666665902777,0.0,1
20(S)-ginsenoside Rh2,CKUVNOCSBYYHIS-IRFFNABBSA-N,20(S)-Ginsenoside RH2,11,3,8,0,0,0.7272727272066115,0.2727272727024793,1
trans-flupenthixol,NJMYODHXAKYRHW-BLLMUTORSA-N,Flupenthixol,11,3,8,0,0,0.7272727272066115,0.2727272727024793,1
emodin,RHMXXJGYXNZAPX-UHFFFAOYSA-N,Emodin,11,1,9,0,1,0.8181818181074381,0.09090909090082644,1
fluoxetine,RTHCYVBBDHJXIQ-UHFFFAOYSA-N,Fluoxetine,11,1,9,0,1,0.8181818181074381,0.09090909090082644,1
dronedarone,ZQTNQVWKHCQYLQ-UHFFFAOYSA-N,Dronedarone,11,1,10,0,0,0.9090909090082645,0.09090909090082644,1
indomethacin,CGIGDMFJXJATDK-UHFFFAOYSA-N,Indomethacin,10,0,8,2,0,0.79999999992,0.0,1
baicalein,FXNFHKRTJBSTCS-UHFFFAOYSA-N,Baicalein,10,1,9,0,0,0.89999999991,0.09999999999,1
compound 10,MAXQBMZDVBHSLW-KNVOCYPGSA-N,Compound 10,10,1,9,0,0,0.89999999991,0.09999999999,1
laniquidar,TULGGJGJQXESOO-UHFFFAOYSA-N,Laniquidar,10,0,10,0,0,0.9999999999,0.0,1
mifepristone,VKHAHZOOUSRJNA-GCNJZUOMSA-N,Mifepristone,10,0,10,0,0,0.9999999999,0.0,1
compound 8,XIVUGRBSBIXXJE-UHFFFAOYSA-N,"7-[3-(Dimethylamino)propoxy]-6-methoxy-2-(4-methyl-1,4-diazepan-1-yl)-N-(1-methylpiperidin-4-yl)quinazolin-4-amine",10,1,8,0,1,0.79999999992,0.09999999999,1
vitamin E TPGS,AOBORMOPSGHCAX-UHFFFAOYSA-N,Tocophersolan,9,0,9,0,0,0.9999999998888889,0.0,1
S9788,GERNFWKTMKWULM-UHFFFAOYSA-N,S 9788,9,0,9,0,0,0.9999999998888889,0.0,1
apatinib,WPEWQEMJFLWMLV-UHFFFAOYSA-N,Rivoceranib,9,0,9,0,0,0.9999999998888889,0.0,1
disulfiram,AUZONCFQVSMFAP-UHFFFAOYSA-N,Disulfiram,8,0,7,0,1,0.874999999890625,0.0,1
Schisandrin A,JEJFTTRHGBKKEI-OKILXGFUSA-N,Schisandrin A,8,0,7,0,1,0.874999999890625,0.0,1
mitotane,JWBOIMRXGHLCPP-UHFFFAOYSA-N,Mitotane,8,0,7,1,0,0.874999999890625,0.0,1
compound 11,NRZNTGUFHSJBTD-HKOYGPOVSA-N,Aftobetin,8,0,7,0,1,0.874999999890625,0.0,1
chemosensitizers,RBTBFTRPCNLSDE-UHFFFAOYSA-N,Methylene blue cation,8,1,7,0,0,0.874999999890625,0.124999999984375,1
Compound 19,UZOOIPXOYYJULJ-BLIZRMSTSA-N,Compound 19,8,0,8,0,0,0.999999999875,0.0,1
ledipasvir,VRTWBAAJJOHBQU-KMWAZVGDSA-N,Ledipasvir,8,2,6,0,0,0.74999999990625,0.24999999996875,1
compound 13,YUAALFPUEOYPNX-UHFFFAOYSA-N,Dubermatinib,8,1,6,0,1,0.74999999990625,0.124999999984375,1
MK571,AXUZQJFHDNNPFG-UXBLZVDNSA-M,sodium (E)-3-((3-(2-(7-chloroquinolin-2-yl)vinyl)phenyl)(3-(dimethylamino)-3-oxopropylthio)methylthio)propanoate,7,0,7,0,0,0.9999999998571428,0.0,1
MK-571,AXUZQJFHDNNPFG-UXBLZVDNSA-N,Mk-571,7,0,6,0,1,0.8571428570204082,0.0,1
midostaurin,BMGQWWVMWDBQGC-IIFHNQTCSA-N,Midostaurin,7,0,6,0,1,0.8571428570204082,0.0,1
"6',7'-Dihydroxybergamottin",IXZUPBUEKFXTSD-MDWZMJQESA-N,"6',7'-Dihydroxybergamottin",7,0,6,1,0,0.8571428570204082,0.0,1
sodium orthovanadate,LSGOVYNHVSXFFJ-UHFFFAOYSA-N,Vanadate(3-),7,0,6,0,1,0.8571428570204082,0.0,1
schisandrin B,RTZKSTLPRTWFEV-UHFFFAOYSA-N,Schisandrin B,7,0,6,0,1,0.8571428570204082,0.0,1
vardenafil,SECKRCOLJRRGGV-UHFFFAOYSA-N,Vardenafil,7,1,6,0,0,0.8571428570204082,0.1428571428367347,1
WK-X-34,WKEBQZAUNGERGA-UHFFFAOYSA-N,"N-(2-(4-(2-(6,7-dimethoxy-3,4-dihydroisoquinolin-2(1H)-yl)ethyl)phenylcarbamoyl)phenyl)-3,4-dimethoxybenzamide",7,0,7,0,0,0.9999999998571428,0.0,1
compound 20,WZJFKVHMXBGZBQ-PMACEKPBSA-N,Ketoace,7,0,7,0,0,0.9999999998571428,0.0,1
cobicistat,ZCIGNRJZKPOIKD-CQXVEOKZSA-N,Cobicistat,7,0,7,0,0,0.9999999998571428,0.0,1
ellagic acid,AFSDNFLWKVMVRB-UHFFFAOYSA-N,Ellagic Acid,6,0,5,0,1,0.8333333331944445,0.0,1
5-bromotetrandrine,ANJMFZGRGHQXMA-VMPREFPWSA-N,5-Bromotetrandrine,6,0,6,0,0,0.9999999998333333,0.0,1
fluvoxamine,CJOFXWAVKWHTFT-XSFVSMFZSA-N,Fluvoxamine,6,1,5,0,0,0.8333333331944445,0.16666666663888888,1
PGP-4008,HVIAKQBMYMKWII-UHFFFAOYSA-N,Pgp-4008,6,0,6,0,0,0.9999999998333333,0.0,1
sodium azide,IVRMZWNICZWHMI-UHFFFAOYSA-N,Azide,6,0,5,0,1,0.8333333331944445,0.0,1
Ko143,NXNRAECHCJZNRF-JBACZVJFSA-N,Ko 143,6,0,6,0,0,0.9999999998333333,0.0,1
β-elemene,OPFTUNCRGUEPRZ-QLFBSQMISA-N,Beta-Elemene,6,0,5,0,1,0.8333333331944445,0.0,1
xanthohumol,ORXQGKIUCDPEAJ-YRNVUSSQSA-N,Xanthohumol,6,0,5,1,0,0.8333333331944445,0.0,1
etravirine,PYGWGZALEOIKDF-UHFFFAOYSA-N,Etravirine,6,0,6,0,0,0.9999999998333333,0.0,1
bufalin,QEEBRPGZBVVINN-BMPKRDENSA-N,Bufalin,6,1,5,0,0,0.8333333331944445,0.16666666663888888,1
Tween 20,QUFQLCNWRIAMTC-UHFFFAOYSA-N,Tween 20,6,0,6,0,0,0.9999999998333333,0.0,1
telmisartan,RMMXLENWKUUMAY-UHFFFAOYSA-N,Telmisartan,6,1,5,0,0,0.8333333331944445,0.16666666663888888,1
dexniguldipine,SVJMLYUFVDMUHP-MGBGTMOVSA-N,Dexniguldipine,6,0,6,0,0,0.9999999998333333,0.0,1
nimodipine,UIAGMCDKSXEBJQ-UHFFFAOYSA-N,Nimodipine,6,1,5,0,0,0.8333333331944445,0.16666666663888888,1
bromotetrandrine,VGZKGYKDQBWBNQ-ZAQUEYBZSA-N,Bromotetrandrine,6,0,6,0,0,0.9999999998333333,0.0,1
hesperetin,AIONOLUJZLIMTK-AWEZNQCLSA-N,Hesperetin,5,0,4,0,1,0.79999999984,0.0,1
MC70,ATYXTVKHMLAWBZ-UHFFFAOYSA-N,"4'-((6,7-dimethoxy-3,4-dihydroisoquinolin-2(1H)-yl)methyl)-[1,1'-biphenyl]-4-ol",5,0,4,0,1,0.79999999984,0.0,1
reversin 205,BRVAQYBFHAIYLQ-CPCREDONSA-N,Reversin 205,5,0,5,0,0,0.9999999998,0.0,1
osimertinib,DUYJMQONPNNFPI-UHFFFAOYSA-N,Osimertinib,5,1,4,0,0,0.79999999984,0.19999999996,1
velpatasvir,FHCUMDQMBHQXKK-CDIODLITSA-N,Velpatasvir,5,1,4,0,0,0.79999999984,0.19999999996,1
gambogic acid,GEZHEQNLKAOMCA-RRZNCOCZSA-N,Gambogic Acid,5,0,5,0,0,0.9999999998,0.0,1
phenethyl isothiocyanate,IZJDOKYDEWTZSO-UHFFFAOYSA-N,Phenethyl Isothiocyanate,5,0,5,0,0,0.9999999998,0.0,1
thioridazine,KLBQZWRITKRQQV-UHFFFAOYSA-N,Thioridazine,5,1,4,0,0,0.79999999984,0.19999999996,1
apigenin,KZNIFHPLKGYRTM-UHFFFAOYSA-N,Apigenin,5,0,5,0,0,0.9999999998,0.0,1
neferine,MIBATSHDJRIUJK-ROJLCIKYSA-N,Neferine,5,1,4,0,0,0.79999999984,0.19999999996,1
6-gingerol,NLDDIKRKFXEWBK-AWEZNQCLSA-N,Gingerol,5,0,5,0,0,0.9999999998,0.0,1
pluronic P123,OQNWUUGFAWNUME-UHFFFAOYSA-N,Pluronic F-127,5,0,5,0,0,0.9999999998,0.0,1
cyclosporine-A,PMATZTZNYRCHOR-NFOUMSERSA-N,Cyclosporine A,5,0,5,0,0,0.9999999998,0.0,1
ONT-093,RSJCLODJSVZNQA-BQYQJAHWSA-N,Ont-093,5,0,5,0,0,0.9999999998,0.0,1
chrysin,RTIXKCRFFJGDFG-UHFFFAOYSA-N,Chrysin,5,1,4,0,0,0.79999999984,0.19999999996,1
roxithromycin,RXZBMPWDPOLZGW-XMRMVWPWSA-N,Roxithromycin,5,1,4,0,0,0.79999999984,0.19999999996,1
reversin 121,SVNKEDMVAQBLLN-SVBPBHIXSA-N,Reversin 121,5,0,5,0,0,0.9999999998,0.0,1
SDZ 280-446,UGWMRFXIOXUDPM-XMKIREDBSA-N,Sdz 280 446,5,0,5,0,0,0.9999999998,0.0,1
compound 18,UZOOIPXOYYJULJ-RHLLTPQKSA-N,"(2S,3R)-3-(4-Hydroxyphenyl)-2-(4-{[(2S)-2-pyrrolidin-1-ylpropyl]oxy}phenyl)-2,3-dihydro-1,4-benzoxathiin-6-OL",5,0,4,0,1,0.79999999984,0.0,1
ursolic acid,WCGUUGGRBIKTOS-GPOJBZKASA-N,Ursolic Acid,5,1,4,0,0,0.79999999984,0.19999999996,1
"1,9-dideoxyforskolin",ZKZMDXUDDJYAIB-SUCLLAFCSA-N,"1,9-Dideoxyforskolin",5,0,5,0,0,0.9999999998,0.0,1
zosuquidar trihydrochloride,ZPFVQKPWGDRLHL-WITOOOCMSA-N,Zosuquidar Trihydrochloride,5,0,5,0,0,0.9999999998,0.0,1
mangiferin,AEDDIBAIWPIIBD-ZJKJAXBQSA-N,Mangiferin,4,0,3,1,0,0.7499999998125,0.0,1
tepotinib,AHYMHWXQRWRBKT-UHFFFAOYSA-N,Tepotinib,4,1,3,0,0,0.7499999998125,0.2499999999375,1
vismodegib,BPQMGSKTAYIVFO-UHFFFAOYSA-N,Vismodegib,4,1,3,0,0,0.7499999998125,0.2499999999375,1
elbasvir,BVAZQCUMNICBAQ-PZHYSIFUSA-N,Elbasvir,4,1,3,0,0,0.7499999998125,0.2499999999375,1
rhinacanthin-C,CEPGYONTKGWENW-QIGLBIQCSA-N,Rhinacanthin C,4,0,3,1,0,0.7499999998125,0.0,1
CJZ3,CLIBFYCYGLVFNH-UHFFFAOYSA-N,"Piperazine, 1-(bis(4-fluorophenyl)methyl)-4-((3,4-dichlorophenyl)methyl)-",4,0,3,0,1,0.7499999998125,0.0,1
melatonin,DRLFMBDRBRZALE-UHFFFAOYSA-N,Melatonin,4,0,3,1,0,0.7499999998125,0.0,1
FG020326,GJPYGCXUYYSCAJ-UFFVCSGVSA-N,"2-Propenoic acid, 3-(4-(4,5-bis(4-(methyl(1-methylethyl)amino)phenyl)-1H-imidazol-2-yl)phenyl)-, methyl ester, (2E)-",4,0,4,0,0,0.99999999975,0.0,1
fangchinoline,IIQSJHUEZBTSAT-VMPREFPWSA-N,Fangchinoline,4,0,4,0,0,0.99999999975,0.0,1
myricetin,IKMDFBPHZNJCSN-UHFFFAOYSA-N,Myricetin,4,0,4,0,0,0.99999999975,0.0,1
sinomenine,INYYVPJSBIVGPH-QHRIQVFBSA-N,Sinomenine,4,0,4,0,0,0.99999999975,0.0,1
hydroxyitraconazole,KHDVLIXZARJRJG-UHFFFAOYSA-N,Hydroxyitraconazole,4,0,4,0,0,0.99999999975,0.0,1
NS-398,KTDZCOWXCWUPEO-UHFFFAOYSA-N,Ns-398,4,0,4,0,0,0.99999999975,0.0,1
parthenolide,KTEXNACQROZXEV-SLXBATTESA-N,Parthenolide,4,0,3,1,0,0.7499999998125,0.0,1
saikosaponin D,KYWSCMDFVARMPN-LCSVLAELSA-N,Saikosaponin D,4,0,3,0,1,0.7499999998125,0.0,1
mitragynine,LELBFTMXCIIKKX-QVRQZEMUSA-N,Mitragynine,4,0,4,0,0,0.99999999975,0.0,1
Oroxylin A,LKOJGSWUMISDOF-UHFFFAOYSA-N,Oroxylin A,4,0,4,0,0,0.99999999975,0.0,1
sipholenol A,LVWWPNAIMBYRKG-NXHAIPTASA-N,Sipholenol A,4,0,4,0,0,0.99999999975,0.0,1
spironolactone,LXMSZDCAJNLERA-ZHYRCANASA-N,Spironolactone,4,0,3,1,0,0.7499999998125,0.0,1
oligomycin,MNULEGDCPYONBU-AWJDAWNUSA-N,Oligomycin,4,0,4,0,0,0.99999999975,0.0,1
(R)-(+)-citronellal,NEHNMFOYXAPHSD-SNVBAGLBSA-N,"6-Octenal, 3,7-dimethyl-, (3R)-",4,0,4,0,0,0.99999999975,0.0,1
flupentixol,NJMYODHXAKYRHW-DVZOWYKESA-N,Flupentixol,4,0,3,0,1,0.7499999998125,0.0,1
cabozantinib,ONIQOQHATWINJY-UHFFFAOYSA-N,Cabozantinib,4,0,4,0,0,0.99999999975,0.0,1
adagrasib,PEMUGDMSUDYLHU-ZEQRLZLVSA-N,Adagrasib,4,1,3,0,0,0.7499999998125,0.2499999999375,1
bisdemethoxycurcumin,PREBVFJICNPEKM-YDWXAUTNSA-N,Bisdemethoxycurcumin,4,0,4,0,0,0.99999999975,0.0,1
promethazine,PWWVAXIEGOYWEE-UHFFFAOYSA-N,Promethazine,4,0,3,0,1,0.7499999998125,0.0,1
"2,6-di-O-methyl-beta-cyclodextrin",QGKBSGBYSPTPKJ-UZMKXNTCSA-N,"2,6-Di-O-methyl-beta-cyclodextrin",4,0,4,0,0,0.99999999975,0.0,1
Compound 25,ROAMQROZNBSUQS-UHFFFAOYSA-N,"[2,3-e]-1,2-thiazine-6-sulfonamide 1,1-Dioxide 1",4,0,4,0,0,0.99999999975,0.0,1
megestrol acetate,RQZAXGRLVPAYTJ-GQFGMJRRSA-N,Megestrol Acetate,4,0,3,0,1,0.7499999998125,0.0,1
auraptene,RSDDHGSKLOSQFK-RVDMUPIBSA-N,Auraptene,4,0,3,1,0,0.7499999998125,0.0,1
XR9051,RTIZZWMBGKGLFO-YWQXDYITSA-N,"3-[(Z)-[(5Z)-5-benzylidene-4-methyl-3,6-dioxopiperazin-2-ylidene]methyl]-N-[4-[2-(6,7-dimethoxy-3,4-dihydro-1H-isoquinolin-2-yl)ethyl]phenyl]benzamide",4,0,4,0,0,0.99999999975,0.0,1
esomeprazole,SUBDBMMJDZJVOS-DEOSSOPVSA-N,Esomeprazole,4,0,3,0,1,0.7499999998125,0.0,1
norverapamil,UPKQNCPKPOLASS-UHFFFAOYSA-N,Norverapamil,4,0,4,0,0,0.99999999975,0.0,1
prochlorperazine,WIKYUJGCLQQFNW-UHFFFAOYSA-N,Prochlorperazine,4,0,4,0,0,0.99999999975,0.0,1
psoralen,ZCCUUQDIBDJBTK-UHFFFAOYSA-N,Psoralen,4,0,3,0,1,0.7499999998125,0.0,1
pentamethylquercetin,ALGDHWVALRSLBT-UHFFFAOYSA-N,Pentamethylquercetin,3,0,3,0,0,0.9999999996666666,0.0,1
Dihydroartemisinin,BJDCWCLMFKKGEE-ISOSDAIHSA-N,Artenimol,3,0,3,0,0,0.9999999996666666,0.0,1
SB203580,CDMGBJANTYXAIV-UHFFFAOYSA-N,SB 203580,3,0,3,0,0,0.9999999996666666,0.0,1
berbamine,DFOCUWZXJBAUSQ-URLMMPGGSA-N,Berbamine,3,0,3,0,0,0.9999999996666666,0.0,1
lonafarnib,DHMTURDWPRKSOA-RUZDIDTESA-N,Lonafarnib,3,0,3,0,0,0.9999999996666666,0.0,1
stemofoline,DTVYAHOULQCSMS-JQANZLKUSA-N,Stemofoline,3,0,3,0,0,0.9999999996666666,0.0,1
artesunate,FIHJKUPKCHIPAT-AHIGJZGOSA-N,Artesunate,3,0,3,0,0,0.9999999996666666,0.0,1
estramustine,FRPJXPJMRWBBIH-RBRWEJTLSA-N,Estramustine,3,0,3,0,0,0.9999999996666666,0.0,1
diosmin,GZSOSUNBTXMUFQ-YFAPSIMESA-N,Diosmin,3,0,3,0,0,0.9999999996666666,0.0,1
acetyl-11-keto-beta-boswellic acid,HMMGKOVEOFBCAU-BCDBGHSCSA-N,3-ACETYL-11-KETO-beta-BOSWELLIC ACID,3,0,3,0,0,0.9999999996666666,0.0,1
FM04,JIFJFNBTQSCGBM-UHFFFAOYSA-N,2-[4-[2-[2-(Benzylamino)ethoxy]ethoxy]phenyl]chromen-4-one,3,0,3,0,0,0.9999999996666666,0.0,1
reversan,JTRXWCLQFAZHGP-UHFFFAOYSA-N,Reversan,3,0,3,0,0,0.9999999996666666,0.0,1
phyllanthin,KFLQGJQSLUYUBF-PMACEKPBSA-N,Phyllanthin,3,0,3,0,0,0.9999999996666666,0.0,1
cinchonine,KMPWYEUPVWOPIM-QAMTZSDWSA-N,Cinchonine,3,0,3,0,0,0.9999999996666666,0.0,1
gallic acid,LNTHITQWFMADLM-UHFFFAOYSA-N,Gallic Acid,3,0,3,0,0,0.9999999996666666,0.0,1
tannic acid,LRBQNJMCXXYXIU-PPKXGCFTSA-N,Tannic Acid,3,0,3,0,0,0.9999999996666666,0.0,1
Compound 26,MBCJUIJWPYUEBX-UHFFFAOYSA-N,"N-[[2-(4-amino-1,2,5-oxadiazol-3-yl)-1-ethylimidazo[5,4-d]pyridin-7-yl]methyl]piperidin-4-amine",3,0,3,0,0,0.9999999996666666,0.0,1
β-caryophyllene oxide,NVEQFIOZRFFVFW-RGCMKSIDSA-N,beta-CARYOPHYLLENE OXIDE,3,0,3,0,0,0.9999999996666666,0.0,1
PAK-104P,PFKHLXIJSNUZDT-KAYWLYCHSA-N,"2-(4-benzhydrylpiperazin-1-yl)ethyl 5-[(4R,6R)-4,6-dimethyl-2-oxo-1,3,2lambda5-dioxaphosphinan-2-yl]-2,6-dimethyl-4-(3-nitrophenyl)pyridine-3-carboxylate",3,0,3,0,0,0.9999999996666666,0.0,1
CP100356,PPMZZFZYBXDSRH-UHFFFAOYSA-N,CP 100356,3,0,3,0,0,0.9999999996666666,0.0,1
"trans-3,5,3',4'-tetramethoxystilbene",PTVAOGIYBMTHSN-AATRIKPKSA-N,"(E)-3,3',4,5'-Tetramethoxystilbene",3,0,3,0,0,0.9999999996666666,0.0,1
lanreotide,PUDHBTGHUJUUFI-SCTWWAJVSA-N,Lanreotide,3,0,3,0,0,0.9999999996666666,0.0,1
macelignan,QDDILOVMGWUNGD-UONOGXRCSA-N,Macelignan,3,0,3,0,0,0.9999999996666666,0.0,1
carnosic acid,QRYRORQUOLYVBU-VBKZILBWSA-N,Carnosic Acid,3,0,3,0,0,0.9999999996666666,0.0,1
PK11195,RAVIZVQZGXBOQO-UHFFFAOYSA-N,PK 11195,3,0,3,0,0,0.9999999996666666,0.0,1
CEP-33779,RFZKSQIFOZZIAQ-UHFFFAOYSA-N,"N-(3-(4-methylpiperazin-1-yl)phenyl)-8-(4-(methylsulfonyl)phenyl)-[1,2,4]triazolo[1,5-a]pyridin-2-amine",3,0,3,0,0,0.9999999996666666,0.0,1
Compound 24,SOEIDCOJJGHLKZ-UHFFFAOYSA-N,Nav1.7 blocker 24,3,0,3,0,0,0.9999999996666666,0.0,1
"3,3',4',5,6,7,8-heptamethoxyflavone",SSXJHQZOHUYEGD-UHFFFAOYSA-N,"3,5,6,7,8,3',4'-Heptamethphoxyflavone",3,0,3,0,0,0.9999999996666666,0.0,1
demethoxycurcumin,UEPVWRDHSPMIAZ-IZTHOABVSA-N,Demethoxycurcumin,3,0,3,0,0,0.9999999996666666,0.0,1
dioscin,VNONINPVFQTJOC-ZGXDEBHDSA-N,Dioscin,3,0,3,0,0,0.9999999996666666,0.0,1
conferone,VPAXJOUATWLOPR-UHFFFAOYSA-N,Conferone,3,0,3,0,0,0.9999999996666666,0.0,1
desethylamiodarone,VXOKDLACQICQFA-UHFFFAOYSA-N,Desethylamiodarone,3,0,3,0,0,0.9999999996666666,0.0,1
perfluorooctane sulfonate,YFSUTJLHUFNCNZ-UHFFFAOYSA-N,Perfluorooctanesulfonic acid,3,0,3,0,0,0.9999999996666666,0.0,1
rilpivirine,YIBOMRUWOWDFLG-ONEGZZNKSA-N,Rilpivirine,3,0,3,0,0,0.9999999996666666,0.0,1
doxorubicin,AOJJSUZBOXZQNB-TZSSRYMLSA-N,Doxorubicin,1221,1143,12,59,7,0.009828009828001779,0.9361179361171694,0
rhodamine 123,FCGVBHISQBBIQF-UHFFFAOYSA-N,Rhodamine 123 free base,837,837,0,0,0,0.0,0.9999999999988053,0
paclitaxel,RCINICONZNJXQF-MZXODVADSA-N,Paclitaxel,611,568,6,33,4,0.009819967266759705,0.9296235679199188,0
vinblastine,JXLYSJRDGCGARV-CFWMRBGOSA-N,Vinblastine,451,380,45,16,10,0.09977827050975659,0.842572062082389,0
digoxin,LTMHDMANZUZIPE-PUGKRICDSA-N,Digoxin,421,403,10,8,0,0.02375296912108372,0.957244655579674,0
daunorubicin,STQGQHZAVUOBTE-VGBVRHCVSA-N,Daunorubicin,347,318,11,14,4,0.031700288184346684,0.9164265129656587,0
vincristine,OGWKCGZFUXNPDA-XQKSVPLYSA-N,Vincristine,334,302,9,21,2,0.02694610778435046,0.9041916167637599,0
rifampicin,JQXXHWHPUNPDRT-WLSIYKJHSA-N,Rifampin,190,7,14,165,4,0.07368421052592798,0.03684210526296399,0
tacrolimus,QJJXYPPXXYFBGM-LFZNUXCKSA-N,Tacrolimus,152,123,24,2,3,0.1578947368410665,0.8092105263104657,0
etoposide,VJJPUSNTGOMMGY-MRVIYFEKSA-N,Etoposide,152,139,4,6,3,0.026315789473511084,0.9144736842045101,0
colchicine,IAKHMKGGTNLKSZ-INIZCTEOSA-N,Colchicine,135,117,9,6,3,0.06666666666617284,0.8666666666602469,0
docetaxel,ZDZOTLJHXYCWBA-VCVYQWHSSA-N,Docetaxel,134,121,3,9,1,0.022388059701325465,0.902985074620127,0
imatinib,KTUFNOKKBVMGRW-UHFFFAOYSA-N,Imatinib,100,75,15,3,7,0.1499999999985,0.7499999999925,0
fexofenadine,RWTNPBWLLIMQHL-UHFFFAOYSA-N,Fexofenadine,98,94,3,0,1,0.03061224489764681,0.9591836734596001,0
saquinavir,QWAXKHKRTORLEM-UGJKXSETSA-N,Saquinavir,95,73,15,5,2,0.1578947368404432,0.7684210526234903,0
calcein-AM,BQRGNLJZBFXNCZ-UHFFFAOYSA-N,Calcein AM,94,93,0,0,1,0.0,0.9893617021171344,0
rivaroxaban,KGFYHTZWPPHNLQ-AWEZNQCLSA-N,Rivaroxaban,67,66,0,0,1,0.0,0.985074626850969,0
mitoxantrone,KKZJGLLVHKMTCM-UHFFFAOYSA-N,Mitoxantrone,60,54,0,5,1,0.0,0.899999999985,0
talinolol,MXFWWQICDIZSOA-UHFFFAOYSA-N,Talinolol,60,58,2,0,0,0.03333333333277778,0.9666666666505556,0
loperamide,RDOIQAHITMMDAJ-UHFFFAOYSA-N,Loperamide,60,53,6,1,0,0.09999999999833334,0.8833333333186112,0
actinomycin D,RJURFGZVJUQBHK-IIXSONLDSA-N,Dactinomycin,57,45,5,4,3,0.08771929824407511,0.789473684196676,0
dexamethasone,UREBDLICKHMUKA-CXSFZGCWSA-N,Dexamethasone,56,27,2,23,4,0.03571428571364796,0.4821428571342475,0
indinavir,CBVCZFGXHXORBI-PXQQMZJSSA-N,Indinavir,55,36,13,2,4,0.23636363635933885,0.6545454545335537,0
epirubicin,AOJJSUZBOXZQNB-VTZDEGQISA-N,Epirubicin,52,43,1,7,1,0.01923076923039941,0.8269230769071746,0
sirolimus,QFJCIRLUMZQUOT-HPLJOQBZSA-N,Sirolimus,51,33,13,1,4,0.25490196077931565,0.6470588235167244,0
atorvastatin,XUKUURHRXDUEBC-KAYWLYCHSA-N,Atorvastatin,51,29,15,1,6,0.29411764705305654,0.5686274509692426,0
azidopine,SWMHKFTXBOJETC-UHFFFAOYSA-N,Azidopine,48,19,1,0,28,0.020833333332899308,0.39583333332508686,0
99mTc-MIBI,LJJFNFYPZOHRHM-UHFFFAOYSA-N,2-Methoxyisobutylisonitrile,44,44,0,0,0,0.0,0.9999999999772728,0
topotecan,UCFGDBYHRUNTLO-QHCPKHFHSA-N,Topotecan,44,40,0,0,4,0.0,0.909090909070248,0
rhodamine,CVAVMIODJQHEEH-UHFFFAOYSA-O,"Xanthylium, 9-(2-carboxyphenyl)-3,6-bis(diethylamino)-",43,43,0,0,0,0.0,0.9999999999767443,0
5-fluorouracil,GHASVSINZRGABV-UHFFFAOYSA-N,Fluorouracil,42,28,2,11,1,0.047619047617913836,0.6666666666507937,0
apixaban,QNZCBYKSOIHPEH-UHFFFAOYSA-N,Apixaban,41,40,0,0,1,0.0,0.9756097560737657,0
carbamazepine,FFGPTBGBLSHEPO-UHFFFAOYSA-N,Carbamazepine,40,8,3,24,5,0.07499999999812501,0.199999999995,0
irinotecan,UWKQSNNFCGGAFS-XIFFEERXSA-N,Irinotecan,39,36,1,0,2,0.02564102564036818,0.9230769230532545,0
clopidogrel,GKTWGGQPFAXNFI-HNNXBMFYSA-N,Clopidogrel,36,35,0,0,1,0.0,0.9722222221952161,0
phenytoin,CXOFVDLJLONNDW-UHFFFAOYSA-N,Phenytoin,35,21,2,11,1,0.057142857141224496,0.5999999999828572,0
dabigatran etexilate,KSGXQBZTULBEEQ-UHFFFAOYSA-N,Dabigatran Etexilate,35,35,0,0,0,0.0,0.9999999999714286,0
Hoechst 33342,PRDFBSVERLRRMY-UHFFFAOYSA-N,Hoe 33342,34,32,1,0,1,0.029411764705017305,0.9411764705605538,0
morphine,BQJCRHHNABKAKU-KBQPJGBKSA-N,Morphine,33,26,2,5,0,0.06060606060422406,0.7878787878549128,0
vinorelbine,GBABOYUKABKIAF-IELIFDKJSA-N,Vinorelbine,33,29,2,2,0,0.06060606060422406,0.878787878761249,0
idarubicin,XDXDZDZNSLXDNA-TZNDIEGXSA-N,Idarubicin,31,21,2,2,6,0.0645161290301769,0.6774193548168574,0
dabigatran,YBSJFWOBGCMAKL-UHFFFAOYSA-N,Dabigatran,31,30,0,0,1,0.0,0.9677419354526535,0
berberine,YBHILYKTIRIUTE-UHFFFAOYSA-N,Berberine,30,18,6,5,1,0.19999999999333334,0.59999999998,0
calcein,DEGAKNSWVGKMLS-UHFFFAOYSA-N,Oftasceine,29,29,0,0,0,0.0,0.9999999999655173,0
edoxaban,HGVDHZBSSITLCT-JLJPHGGASA-N,Edoxaban,29,29,0,0,0,0.0,0.9999999999655173,0
risperidone,RAPZEAPATHNIPO-UHFFFAOYSA-N,Risperidone,29,22,6,0,1,0.20689655171700358,0.7586206896290131,0
cholesterol,HVYWMOMLDIMFJA-DPAQBDIFSA-N,Cholesterol,28,8,0,3,17,0.0,0.28571428570408164,0
darunavir,CJBJHOAVZSMMDJ-HEXNFIEUSA-N,Darunavir,27,17,5,4,1,0.18518518517832647,0.62962962960631,0
methotrexate,FBOZXECLQNJBKD-ZDUSSCGKSA-N,Methotrexate,27,19,1,4,3,0.03703703703566529,0.7037037036776406,0
methadone,USSIQXCVUWKGNF-UHFFFAOYSA-N,Methadone,26,19,5,0,2,0.19230769230029585,0.7307692307411242,0
erlotinib,AAKJLRGGTJKAMG-UHFFFAOYSA-N,Erlotinib,24,15,6,1,2,0.24999999998958333,0.6249999999739584,0
everolimus,HKVAMNSJSFKALM-GKUWKFKPSA-N,Everolimus,24,18,4,0,2,0.1666666666597222,0.74999999996875,0
dasatinib,ZBNZXTGUTAYRHI-UHFFFAOYSA-N,Dasatinib,24,17,5,0,2,0.2083333333246528,0.7083333333038194,0
cabazitaxel,BMQGVNUXMIRLCK-OAGWZNDDSA-N,Cabazitaxel,22,17,1,0,4,0.04545454545247934,0.7727272726921488,0
cortisol,JYGXADMDTFJGBT-VWUMJDOOSA-N,Hydrocortisone,22,19,1,1,1,0.04545454545247934,0.8636363635971074,0
phenobarbital,DDBREPKUVSBGFI-UHFFFAOYSA-N,Phenobarbital,21,7,1,12,1,0.04761904761678005,0.3333333333174603,0
pirarubicin,KMSKQZKKOZQFFG-YXRRJAAWSA-N,Pirarubicin,21,21,0,0,0,0.0,0.999999999952381,0
amprenavir,YMARZQAQMVYCKC-OEMFJLHTSA-N,Amprenavir,21,15,4,2,0,0.1904761904671202,0.7142857142517007,0
hyperforin,KGSZHKRKHXOAMG-HQKKAZOISA-N,Hyperforin,20,0,3,13,4,0.1499999999925,0.0,0
taxanes,DBJLWWSPTOJTSZ-UHFFFAOYSA-N,Taxanes,19,19,0,0,0,0.0,0.9999999999473684,0
SN-38,FJHBVJOVLFPMQE-QFIPXVFZSA-N,7-Ethyl-10-hydroxycamptothecin,19,15,0,2,2,0.0,0.7894736841689751,0
romidepsin,OHRURASPPZQGQM-GCCNXGTGSA-N,Romidepsin,19,14,0,5,0,0.0,0.7368421052243768,0
12-O-tetradecanoylphorbol-13-acetate,PHEDXBVPIONUQT-RGYGYFBISA-N,Phorbol 12-myristate 13-acetate,18,0,0,12,6,0.0,0.0,0
paliperidone,PMXMIIMHBWHSKN-UHFFFAOYSA-N,Paliperidone,18,14,3,0,1,0.1666666666574074,0.7777777777345679,0
all-trans retinoic acid,SHGAZHPCJJPHSC-YCNIQYBTSA-N,Tretinoin,18,3,1,11,3,0.05555555555246913,0.1666666666574074,0
fentanyl,PJMPHNIQZUBGLI-UHFFFAOYSA-N,Fentanyl,17,15,2,0,0,0.117647058816609,0.8823529411245675,0
cimetidine,AQIXAKUUQRKLND-UHFFFAOYSA-N,Cimetidine,16,14,1,0,1,0.06249999999609375,0.8749999999453125,0
bortezomib,GXJABQQUPOEUTA-RDJZCZTQSA-N,Bortezomib,16,11,2,0,3,0.1249999999921875,0.6874999999570313,0
rhodamine B,DUACXGKWAOETBL-UHFFFAOYSA-N,Rhodamine B,15,13,1,0,1,0.06666666666222222,0.8666666666088889,0
"1α,25-dihydroxyvitamin D3",GMRQFYUYWCNGIN-NKMMMXOESA-N,Calcitriol,15,0,2,13,0,0.13333333332444444,0.0,0
arsenic trioxide,MOQADKPFYVWPSE-UHFFFAOYSA-N,Arsenic Trioxide,15,2,3,3,7,0.19999999998666668,0.13333333332444444,0
mitomycin C,NWIBSHFKIJFRCO-WUDYKRTCSA-N,Mitomycin,15,6,1,3,5,0.06666666666222222,0.39999999997333335,0
aspirin,BSYNRYMUTXBXSQ-UHFFFAOYSA-N,Aspirin,14,6,0,6,2,0.0,0.4285714285408163,0
midazolam,DDLIGBOFAVUZHB-UHFFFAOYSA-N,Midazolam,14,10,2,1,1,0.14285714284693876,0.7142857142346939,0
olaparib,FDLYAMZZIXQODN-UHFFFAOYSA-N,Olaparib,14,12,1,1,0,0.07142857142346938,0.8571428570816326,0
DiOC2,VZUFSMBGWBLOCB-UHFFFAOYSA-N,"3,3'-Diethyloxacarbocyanine",14,13,0,0,1,0.0,0.928571428505102,0
levetiracetam,HPHUVLMMVZITSG-LURJTMIESA-N,Levetiracetam,13,3,1,7,2,0.07692307691715976,0.2307692307514793,0
temozolomide,BPEGJWRSRHCHSN-UHFFFAOYSA-N,Temozolomide,12,5,3,3,1,0.24999999997916666,0.41666666663194446,0
triptolide,DFBIRQPKNDILPW-CIVMWXNOSA-N,Triptolide,12,7,3,0,2,0.24999999997916666,0.5833333332847223,0
abacavir,MCGSCOLBFJQGHM-SCZZXKLOSA-N,Abacavir,12,10,1,1,0,0.08333333332638888,0.8333333332638889,0
losartan,PSIFNNKUMBGKDQ-UHFFFAOYSA-N,Losartan,12,11,1,0,0,0.08333333332638888,0.9166666665902777,0
ranitidine,VMXUWOKSQNHOCA-UHFFFAOYSA-N,Ranitidine,12,9,2,0,1,0.16666666665277777,0.7499999999375,0
aconitine,XFSBVAOIAHNAPC-FKHWODAVSA-N,Aconitine,12,10,1,1,0,0.08333333332638888,0.8333333332638889,0
rosuvastatin,BPRHUIZQVSMCRT-VEUZHWNKSA-N,Rosuvastatin,11,9,0,0,2,0.0,0.8181818181074381,0
sodium butyrate,FERIUCNNQQJTOY-UHFFFAOYSA-M,Butanoate,11,0,0,10,1,0.0,0.0,0
celiprolol,JOATXPAWOHTVSZ-UHFFFAOYSA-N,Celiprolol,11,9,1,1,0,0.09090909090082644,0.8181818181074381,0
prednisolone,OIGNJSKKLXVSLS-VWUMJDOOSA-N,Prednisolone,11,7,1,3,0,0.09090909090082644,0.6363636363057851,0
cytosine arabinoside,UHDGCWIWMRVCDJ-CCXZUQQUSA-N,Cytarabine,11,6,0,2,3,0.0,0.5454545454049586,0
aliskiren,UXOWGYHJODZGMF-QORCZRPOSA-N,Aliskiren,11,11,0,0,0,0.0,0.9999999999090909,0
estradiol,VOXZDWNPVJITMN-ZBRFXRBCSA-N,Estradiol,11,1,1,7,2,0.09090909090082644,0.09090909090082644,0
efavirenz,XPOQHMRABVBWPR-ZDUSSCGKSA-N,Efavirenz,11,2,3,4,2,0.2727272727024793,0.18181818180165288,0
nintedanib,XZXHXSATPCNXJR-ZIADKAODSA-N,Nintedanib,11,10,0,0,1,0.0,0.9090909090082645,0
glyburide,ZNNLBTZKUZBEKO-UHFFFAOYSA-N,Glyburide,11,9,2,0,0,0.18181818180165288,0.8181818181074381,0
phosphatidylcholine,ZZWQHNRGJQENEP-KXQOOQHDSA-N,Phosphatidylcholine,11,10,1,0,0,0.09090909090082644,0.9090909090082645,0
palbociclib,AHJRHEGDXFFMBM-UHFFFAOYSA-N,Palbociclib,10,7,2,1,0,0.19999999998,0.69999999993,0
3'-azido-3'-deoxythymidine,HBOMLICNUCNMMY-XLPZGREQSA-N,Zidovudine,10,8,0,1,1,0.0,0.79999999992,0
puerarin,HKEAFJYKMMKDOR-VPRICQMDSA-N,Puerarin,10,7,3,0,0,0.29999999997,0.69999999993,0
paraquat,INFDPOAKFNIJBF-UHFFFAOYSA-N,Paraquat,10,9,0,1,0,0.0,0.89999999991,0
aldosterone,PQSUYGKTWSAVDQ-ZVIOFETBSA-N,Aldosterone,10,8,1,1,0,0.09999999999,0.79999999992,0
oseltamivir,VSZGPKBBMSAYNT-RRFJBIMHSA-N,Oseltamivir,10,9,0,0,1,0.0,0.89999999991,0
tunicamycin,VYEWZWBILJHHCU-OMQUDAQFSA-N,Tunicamycin,10,0,1,1,8,0.09999999999,0.0,0
cyclophosphamide,CMSMOCZEIVJLDB-UHFFFAOYSA-N,Cyclophosphamide,9,3,1,3,2,0.11111111109876542,0.3333333332962963,0
2-acetylaminofluorene,CZIHNRWJTSTCEX-UHFFFAOYSA-N,2-Acetylaminofluorene,9,0,0,8,1,0.0,0.0,0
BODIPY-verapamil,IRHUGMBHHDUYHD-UHFFFAOYSA-N,Bodipy-verapamil,9,9,0,0,0,0.0,0.9999999998888889,0
rhodamine 6G,IWWWBRIIGAXLCJ-BGABXYSRSA-N,Rhodamine 6G,9,8,0,0,1,0.0,0.8888888887901234,0
valproic acid,NIJJYAXOARWZEE-UHFFFAOYSA-N,Valproic Acid,9,1,2,4,2,0.22222222219753085,0.11111111109876542,0
nevirapine,NQDJXKOVJZTUJA-UHFFFAOYSA-N,Nevirapine,9,6,1,2,0,0.11111111109876542,0.6666666665925925,0
teniposide,NRUKOCRGYNPUPR-QBPJDGROSA-N,Teniposide,9,9,0,0,0,0.0,0.9999999998888889,0
clozapine,QZUDBNBUXVUHMW-UHFFFAOYSA-N,Clozapine,9,4,2,0,3,0.22222222219753085,0.4444444443950617,0
puromycin,RXWNCPJZOCPEPQ-NVWDDTSBSA-N,Puromycin,9,7,1,0,1,0.11111111109876542,0.777777777691358,0
gemcitabine,SDUQYLNIPVEERB-QPPQHZFASA-N,Gemcitabine,9,4,0,2,3,0.0,0.4444444443950617,0
[11C]verapamil,SGTNSNPWRIOYBX-KTXUZGJCSA-N,"alpha-(3-((2-(3,4-Dimethoxyphenyl)ethyl)methyl-11C-amino)propyl)-3,4-dimethoxy-alpha-(1-methylethyl)benzeneacetonitrile",9,9,0,0,0,0.0,0.9999999998888889,0
eribulin,UFNVPOGXISZXJD-JBQZKEIOSA-N,Eribulin,9,8,0,1,0,0.0,0.8888888887901234,0
N-desmethyl-loperamide,ZMOPTLXEYOVARP-UHFFFAOYSA-N,N-desmethyl loperamide,9,8,1,0,0,0.11111111109876542,0.8888888887901234,0
17-AAG,AYUNIORJHRXIBJ-TXHRRWQRSA-N,Tanespimycin,8,5,2,0,1,0.24999999996875,0.624999999921875,0
carfilzomib,BLMPQMFVWMYDKT-NZTKNTHTSA-N,Carfilzomib,8,7,0,0,1,0.0,0.874999999890625,0
artemisinin,BLUAFEHZUWYNDE-DKGJTOOQSA-N,Artemisinin,8,2,2,4,0,0.24999999996875,0.24999999996875,0
oxycodone,BRUQQQPBMZOVGD-XFKAJCMBSA-N,Oxycodone,8,5,0,1,2,0.0,0.624999999921875,0
raltegravir,CZFFBEXEKNGXKS-UHFFFAOYSA-N,Raltegravir,8,8,0,0,0,0.0,0.999999999875,0
steroids,DNVZSDMHLPWULM-PFJMVCNFSA-N,Steroids,8,7,1,0,0,0.124999999984375,0.874999999890625,0
letermovir,FWYSMLBETOMXAG-QHCPKHFHSA-N,Letermovir,8,5,2,0,1,0.24999999996875,0.624999999921875,0
levofloxacin,GSDSWSVVBLHKDQ-JTQLQIEISA-N,Levofloxacin,8,6,2,0,0,0.24999999996875,0.74999999990625,0
vindesine,HHJUWIANJFBDHT-ZVTSDNJWSA-N,Vindesine,8,6,0,2,0,0.0,0.74999999990625,0
hydrogen peroxide,MHAJPDPJQMAIIY-UHFFFAOYSA-N,Hydrogen Peroxide,8,0,1,2,5,0.124999999984375,0.0,0
ponatinib,PHXJVRSECIGDHY-UHFFFAOYSA-N,Ponatinib,8,3,2,0,3,0.24999999996875,0.374999999953125,0
venlafaxine,PNVNVHUZROJLTJ-UHFFFAOYSA-N,Venlafaxine,8,4,2,2,0,0.24999999996875,0.4999999999375,0
Astragaloside IV,QMNWISYXSJWHRY-YLNUDOOFSA-N,Astragaloside IV,8,1,1,5,1,0.124999999984375,0.124999999984375,0
sofosbuvir,TTZHDVOVKQGIBA-IQWMDFIBSA-N,Sofosbuvir,8,7,1,0,0,0.124999999984375,0.874999999890625,0
pravastatin,TUZYXOIXSAXUGO-PZAWKZKUSA-N,Pravastatin,8,3,2,0,3,0.24999999996875,0.374999999953125,0
quetiapine,URKOMYMAXPYINW-UHFFFAOYSA-N,Quetiapine,8,5,1,0,2,0.124999999984375,0.624999999921875,0
nadolol,VWPOSFSPZNDTMJ-UCWKZMIHSA-N,Nadolol,8,7,0,0,1,0.0,0.874999999890625,0
suberoylanilide hydroxamic acid,WAEXFXRVDQXREF-UHFFFAOYSA-N,Vorinostat,8,0,0,5,3,0.0,0.0,0
JC-1,XKWQNWOHLZAFPS-UHFFFAOYSA-N,Xkwqnwohlzafps-uhfffaoysa-,8,8,0,0,0,0.0,0.999999999875,0
prednisone,XOFYZVNMUHMLCC-ZPOLXVRWSA-N,Prednisone,8,5,0,3,0,0.0,0.624999999921875,0
MgATP,ZKHQWZAMYRWXGA-KQYNXXCUSA-L,"[[[(2R,3S,4R,5R)-5-(6-aminopurin-9-yl)-3,4-dihydroxyoxolan-2-yl]methoxy-hydroxyphosphoryl]oxy-oxidophosphoryl] hydrogen phosphate",8,0,0,0,8,0.0,0.0,0
bilastine,ACCMWZWAEFYUGZ-UHFFFAOYSA-N,Bilastine,7,6,1,0,0,0.1428571428367347,0.8571428570204082,0
ethynyl estradiol,BFPYWIDHMRZLRN-SLHNCBLASA-N,Ethinyl Estradiol,7,3,1,2,1,0.1428571428367347,0.4285714285102041,0
hypericin,BTXNYTINYBABQR-UHFFFAOYSA-N,Hypericin,7,0,2,4,1,0.2857142856734694,0.0,0
oxcarbazepine,CTRLABGOLIVAIY-UHFFFAOYSA-N,Oxcarbazepine,7,7,0,0,0,0.0,0.9999999998571428,0
Delta(9)-tetrahydrocannabinol,CYQFCXCEBYINGO-IAGOWNOFSA-N,Dronabinol,7,4,1,1,1,0.1428571428367347,0.5714285713469388,0
ondansetron,FELGMEQIXOGIFQ-UHFFFAOYSA-N,Ondansetron,7,6,1,0,0,0.1428571428367347,0.8571428570204082,0
domperidone,FGXWKSZFVQUSTL-UHFFFAOYSA-N,Domperidone,7,7,0,0,0,0.0,0.9999999998571428,0
fluvastatin,FJLGEFLZQAZZCD-MCBHFWOFSA-N,Fluvastatin,7,4,1,0,2,0.1428571428367347,0.5714285713469388,0
lenalidomide,GOTYRUGSSMKFNF-UHFFFAOYSA-N,Lenalidomide,7,5,0,2,0,0.0,0.7142857141836735,0
thapsigargin,IXFPJGBNCFXKPI-FSIHEZPISA-N,Thapsigargin,7,3,0,2,2,0.0,0.4285714285102041,0
amitriptyline,KRMDCWKBEZIMAB-UHFFFAOYSA-N,Amitriptyline,7,6,1,0,0,0.1428571428367347,0.8571428570204082,0
olanzapine,KVWDHTXUZHCGIO-UHFFFAOYSA-N,Olanzapine,7,4,2,0,1,0.2857142856734694,0.5714285713469388,0
amisulpride,NTJOBXMMWNYJFB-UHFFFAOYSA-N,Amisulpride,7,6,0,0,1,0.0,0.8571428570204082,0
lamotrigine,PYZRQGJRPPTADH-UHFFFAOYSA-N,Lamotrigine,7,4,2,0,1,0.2857142856734694,0.5714285713469388,0
acetaminophen,RZVAJINKPMORJF-UHFFFAOYSA-N,Acetaminophen,7,4,2,1,0,0.2857142856734694,0.5714285713469388,0
dithiothreitol,VHJLVAABSRFDPM-IMJSIDKUSA-N,Dithiothreitol,7,0,0,0,7,0.0,0.0,0
methylprednisolone,VHRSUDSXCMQTMA-PJHHCJLFSA-N,Methylprednisolone,7,4,1,1,1,0.1428571428367347,0.5714285713469388,0
budesonide,VOVIALXJUBGFJZ-KWVAZRHASA-N,Budesonide,7,4,1,2,0,0.1428571428367347,0.5714285713469388,0
glutamate,WHUUTDBJXJRKMK-UHFFFAOYSA-L,Glutamate,7,0,0,7,0,0.0,0.0,0
citalopram,WSEQXVZVJXJVFP-UHFFFAOYSA-N,Citalopram,7,6,1,0,0,0.1428571428367347,0.8571428570204082,0
prostaglandin E2,XEYBRNLFEZDVAW-ARSRFYASSA-N,Dinoprostone,7,0,0,6,1,0.0,0.0,0
betrixaban,XHOLNRLADUSQLD-UHFFFAOYSA-N,Betrixaban,7,7,0,0,0,0.0,0.9999999998571428,0
daidzein,ZQSIJRDFPHDXIC-UHFFFAOYSA-N,Daidzein,7,2,2,1,2,0.2857142856734694,0.2857142856734694,0
[18F]MC225,ZRXRCJGQDJTQQV-FMLNDMEQSA-N,Dwe4epg9L4,7,7,0,0,0,0.0,0.9999999998571428,0
emetine,AUVVAXYIELKVAI-CKBKHPSWSA-N,Emetine,6,3,1,1,1,0.16666666663888888,0.49999999991666666,0
epothilones,HESCAJZNRMSMJG-KKQRBIROSA-N,Epothilone A,6,1,1,0,4,0.16666666663888888,0.16666666663888888,0
lorlatinib,IIXWYSCJSQVBQM-LLVKDONJSA-N,Lorlatinib,6,4,0,1,1,0.0,0.6666666665555555,0
desloratadine,JAUOIFJMECXRGI-UHFFFAOYSA-N,Desloratadine,6,3,1,0,2,0.16666666663888888,0.49999999991666666,0
tenofovir disoproxil fumarate,JFVZFKDSXNQEJW-CQSZACIVSA-N,Tenofovir Disoproxil,6,5,1,0,0,0.16666666663888888,0.8333333331944445,0
ethanol,LFQSCWFLJHTTHZ-UHFFFAOYSA-N,Ethanol,6,0,1,4,1,0.16666666663888888,0.0,0
[11C]tariquidar,LGGHDPFKSSRQNS-KTXUZGJCSA-N,[11C]Tariquidar,6,5,1,0,0,0.16666666663888888,0.8333333331944445,0
Deoxynivalenol,LINOMUASTDIRTM-QGRHZQQGSA-N,Deoxynivalenol,6,4,0,1,1,0.0,0.6666666665555555,0
bisantrene,NJSMWLQOCQIOPE-OCHFTUDZSA-N,Bisantrene,6,6,0,0,0,0.0,0.9999999998333333,0
YM155,OTSOOHRUMBRSHZ-UHFFFAOYSA-N,Sepantronium,6,6,0,0,0,0.0,0.9999999998333333,0
SNS-032,OUSFTKFNBAZUKL-UHFFFAOYSA-N,Sns-032,6,4,1,0,1,0.16666666663888888,0.6666666665555555,0
ethidium bromide,QTANTQQOYSUMLC-UHFFFAOYSA-O,Ethidium,6,6,0,0,0,0.0,0.9999999998333333,0
trichostatin A,RTKIYFITIVXBLE-QEQCGCAPSA-N,Trichostatin A,6,0,1,5,0,0.16666666663888888,0.0,0
tenofovir,SGOIRFVFHAKUTI-ZCFIWIBFSA-N,Tenofovir,6,3,1,1,1,0.16666666663888888,0.49999999991666666,0
N-methyl quinidine,SJTSZVLGFLZBFK-HQBGAPFHSA-N,N-Methyl-Quinidine,6,6,0,0,0,0.0,0.9999999998333333,0
camptothecin,VSJKWCGYPAHWDS-FQEVSTJZSA-N,Camptothecin,6,4,0,0,2,0.0,0.6666666665555555,0
digitoxin,WDJUZGPOPHTGOT-XUDUSOBPSA-N,Digitoxin,6,4,1,0,1,0.16666666663888888,0.6666666665555555,0
lenvatinib,WOSKHXYHFSIKNG-UHFFFAOYSA-N,Lenvatinib,6,5,1,0,0,0.16666666663888888,0.8333333331944445,0
adenosine triphosphate,ZKHQWZAMYRWXGA-KQYNXXCUSA-N,Adenosine Triphosphate,6,0,0,0,6,0.0,0.0,0
sulpiride,BGRJTUBHPOOWDU-UHFFFAOYSA-N,Sulpiride,5,5,0,0,0,0.0,0.9999999998,0
licarbazepine,BMPDWHIDQYTSHX-UHFFFAOYSA-N,Licarbazepine,5,5,0,0,0,0.0,0.9999999998,0
ortataxel,BWKDAMBGCPRVPI-ZQRPHVBESA-N,Ortataxel,5,1,1,0,3,0.19999999996,0.19999999996,0
U0126,DVEXZJFMOKTQEZ-JYFOCSDGSA-N,"1,4-Diamino-2,3-dicyano-1,4-bis(o-aminophenylmercapto)butadiene",5,0,1,1,3,0.19999999996,0.0,0
hypaconitine,FIDOCHXHMJHKRW-PFGYAZRMSA-N,Hypaconitine,5,4,1,0,0,0.19999999996,0.79999999984,0
benzo(a)pyrene,FMMWHPNWAFZXNH-UHFFFAOYSA-N,Benzo[a]pyrene,5,3,0,2,0,0.0,0.59999999988,0
raloxifene,GZUITABIAKMVPG-UHFFFAOYSA-N,Raloxifene,5,2,1,0,2,0.19999999996,0.39999999992,0
rucaparib,HMABYWSNWIZPAG-UHFFFAOYSA-N,Rucaparib,5,4,1,0,0,0.19999999996,0.79999999984,0
AZD2461,HYNBNUYQTQIHJK-UHFFFAOYSA-N,Azd2461,5,5,0,0,0,0.0,0.9999999998,0
glycyrrhizin,LPLVUJXQOOQHMX-QWBHMCJMSA-N,Glycyrrhizin,5,0,0,4,1,0.0,0.0,0
antibiotics,LRJAGMBMPSXEFP-UDPUMDPQSA-N,"2-[[[(1R)-1-[[(2R)-2-[3-acetamido-2-[[[(2R,3S,4R)-3,4-dihydroxy-5-(5-iodo-2,4-dioxopyrimidin-1-yl)oxolan-2-yl]methoxy-hydroxyphosphoryl]oxy-hydroxyphosphoryl]oxy-5-hydroxy-6-(hydroxymethyl)oxan-4-yl]oxypropanoyl]amino]ethyl]-hydroxyphosphoryl]methyl]pentanedioic acid",5,5,0,0,0,0.0,0.9999999998,0
demecolcine,NNJPGOLRFBJNIW-HNNXBMFYSA-N,Demecolcine,5,5,0,0,0,0.0,0.9999999998,0
ezetimibe,OLNTVTPDXPETLC-XPWALMASSA-N,Ezetimibe,5,4,0,0,1,0.0,0.79999999984,0
trabectedin,PKVRCIRHQMSYJX-AIFWHQITSA-N,Trabectedin,5,3,0,0,2,0.0,0.59999999988,0
okadaic acid,QNDVLZJODHBUFM-WFXQOWMNSA-N,Okadaic Acid,5,2,0,0,3,0.0,0.39999999992,0
dolutegravir,RHWKPHLQXYSBKR-BMIGLBTASA-N,Dolutegravir,5,4,0,0,1,0.0,0.79999999984,0
tipranavir,SUJUHGSWHZTSEU-FYBSXPHGSA-N,Tipranavir,5,2,1,1,1,0.19999999996,0.39999999992,0
flucloxacillin,UIOFUWFRIANQPC-JKIFEVAISA-N,Floxacillin,5,1,0,4,0,0.0,0.19999999996,0
tetraphenylphosphonium,USFPINLPPFWTJW-UHFFFAOYSA-N,Tetraphenylphosphonium,5,3,0,1,1,0.0,0.59999999988,0
5-aza-2'-deoxycytidine,XAUDJQYHKZQPEU-KVQBGUIXSA-N,Decitabine,5,0,1,1,3,0.19999999996,0.0,0
cobalt chloride,XLJKHNWPARRRJB-UHFFFAOYSA-N,Cobaltous Cation,5,0,1,4,0,0.19999999996,0.0,0
naloxegol,XNKCCCKFOQNXKV-ZRSCBOBOSA-N,Naloxegol,5,5,0,0,0,0.0,0.9999999998,0
coptisine,XYHOBCMEDLZUMP-UHFFFAOYSA-N,Coptisine,5,2,1,2,0,0.19999999996,0.39999999992,0
paeoniflorin,YKRGDOXKVOZESV-QYDSDWLYSA-N,Paeoniflorin,5,5,0,0,0,0.0,0.9999999998,0
cetirizine,ZKLPARSLTMPFCP-UHFFFAOYSA-N,Cetirizine,5,5,0,0,0,0.0,0.9999999998,0
galantamine,ASUTZQLVASHGKV-JDFRZJQESA-N,Galantamine,4,2,1,0,1,0.2499999999375,0.499999999875,0
rifabutin,ATEBXHFBFRCZMA-VXTBVIBXSA-N,Rifabutin,4,0,1,3,0,0.2499999999375,0.0,0
flavopiridol,BIIVYFLTOXDAOV-YVEFUNNKSA-N,Alvocidib,4,2,1,0,1,0.2499999999375,0.499999999875,0
Di(2-ethylhexyl)phthalate,BJQHLKABXJIVAM-UHFFFAOYSA-N,Bis(2-ethylhexyl) phthalate,4,0,1,3,0,0.2499999999375,0.0,0
roscovitine,BTIHMVBBUGXLCJ-OAHLLOKOSA-N,Roscovitine,4,3,0,1,0,0.0,0.7499999998125,0
acetazolamide,BZKPWHYZMXOIDC-UHFFFAOYSA-N,Acetazolamide,4,3,1,0,0,0.2499999999375,0.7499999998125,0
2-methoxyestradiol,CQOQDQWUFQDJMK-SSTWWWIQSA-N,2-Methoxyestradiol,4,1,1,1,1,0.2499999999375,0.2499999999375,0
Benznidazole,CULUWZNBISUWAS-UHFFFAOYSA-N,Benznidazole,4,2,0,2,0,0.0,0.499999999875,0
almonertinib,DOEOECWDNSEFDN-UHFFFAOYSA-N,Aumolertinib,4,2,1,0,1,0.2499999999375,0.499999999875,0
Aβ42,DZHSAHHDTRWUTF-SIQRNXPUSA-N,AspAlaGluPheArgHisAspSerGlyTyrGluValHisHisGlnLysLeuValPhePheAlaGluAspValGlySerAsnLysGlyAlaIleIleGlyLeuMetValGlyGlyValValIleAla,4,3,0,0,1,0.0,0.7499999998125,0
amyloid-β peptide,DZHSAHHDTRWUTF-UHFFFAOYSA-N,CID 137699206,4,4,0,0,0,0.0,0.99999999975,0
moxifloxacin,FABPRXSRWADJSP-MEDUHNTESA-N,Moxifloxacin,4,4,0,0,0,0.0,0.99999999975,0
riluzole,FTALBRSUTCGOEG-UHFFFAOYSA-N,Riluzole,4,4,0,0,0,0.0,0.99999999975,0
phenylthiocarbamide,FULZLIGZKMKICU-UHFFFAOYSA-N,Phenylthiourea,4,2,0,2,0,0.0,0.499999999875,0
acebutolol,GOEMGAFJFRBGGG-UHFFFAOYSA-N,Acebutolol,4,4,0,0,0,0.0,0.99999999975,0
zinc,HCHKCACWOHOZIP-UHFFFAOYSA-N,Zinc,4,0,0,4,0,0.0,0.0,0
platelet-activating factor,HVAUUPRFYPCOCA-AREMUKBSSA-N,Platelet-activating factor,4,3,1,0,0,0.2499999999375,0.7499999998125,0
darifenacin,HXGBXQDTNZMWGS-RUZDIDTESA-N,Darifenacin,4,4,0,0,0,0.0,0.99999999975,0
luteolin,IQPNAANSBPBGFQ-UHFFFAOYSA-N,Luteolin,4,0,1,0,3,0.2499999999375,0.0,0
loratadine,JCCNYMKQOSZNPW-UHFFFAOYSA-N,Loratadine,4,4,0,0,0,0.0,0.99999999975,0
asiatic acid,JXSVIVRDWWRQRT-UYDOISQJSA-N,Asiatic Acid,4,1,1,1,1,0.2499999999375,0.2499999999375,0
topiramate,KJADKKWYZYXHBB-XBWDGYHZSA-N,Topiramate,4,2,0,1,1,0.0,0.499999999875,0
brefeldin A,KQNZDYYTLMIZCT-KQPMLPITSA-N,Brefeldin A,4,0,1,0,3,0.2499999999375,0.0,0
tenofovir alafenamide,LDEKQSIMHVQZJK-CAQYMETFSA-N,Tenofovir Alafenamide,4,4,0,0,0,0.0,0.99999999975,0
endoxifen,MHJBZVSGOZTKRH-IZHYLOQSSA-N,Endoxifen,4,4,0,0,0,0.0,0.99999999975,0
Oleanolic acid,MIJYXULNPSFWEK-GTOFXWBISA-N,Oleanolic Acid,4,2,1,0,1,0.2499999999375,0.499999999875,0
laulimalide,MSBQEQDLFWWWMV-XZZGLLCESA-N,Laulimalide,4,2,0,0,2,0.0,0.499999999875,0
dihydrotestosterone,NVKAWKQGWWIWPM-ABEVXSGRSA-N,Dihydrotestosterone,4,3,0,1,0,0.0,0.7499999998125,0
corticosterone,OMFXVFTZEKFJBZ-HJTSIMOOSA-N,Corticosterone,4,4,0,0,0,0.0,0.99999999975,0
dibromobimane,OSIYFMVMZXJKSP-UHFFFAOYSA-N,Dibromobimane,4,3,0,1,0,0.0,0.7499999998125,0
arsenite,OWTFKEBRIAXSMO-UHFFFAOYSA-N,Arsenite ion,4,1,0,2,1,0.0,0.2499999999375,0
AMP.PNP,PVKSNHVPLWYQGJ-KQYNXXCUSA-N,Adenylyl Imidodiphosphate,4,0,0,0,4,0.0,0.0,0
edaravone,QELUYTUMUWHWMC-UHFFFAOYSA-N,Edaravone,4,3,0,0,1,0.0,0.7499999998125,0
palmatine,QUCQEUCGKKTEBI-UHFFFAOYSA-N,Palmatine,4,3,0,1,0,0.0,0.7499999998125,0
cilostazol,RRGUKTPIGVIEKM-UHFFFAOYSA-N,Cilostazol,4,2,1,1,0,0.2499999999375,0.499999999875,0
trospium chloride,RVCSYOQWLPPAOA-QKYUOBHYSA-M,Trospium Chloride,4,3,1,0,0,0.2499999999375,0.7499999998125,0
chlorpyrifos,SBPBAQFWLVIOKP-UHFFFAOYSA-N,Chlorpyrifos,4,2,0,2,0,0.0,0.499999999875,0
bupropion,SNPPWIUOZRMYNY-UHFFFAOYSA-N,Bupropion,4,2,0,0,2,0.0,0.499999999875,0
ginkgolide B,SQOJOAFXDQDRGF-ZMVGXLHTSA-N,Ginkgolide B,4,1,0,3,0,0.0,0.2499999999375,0
metoclopramide,TTWJBBZEZQICBI-UHFFFAOYSA-N,Metoclopramide,4,4,0,0,0,0.0,0.99999999975,0
4-hydroxytamoxifen,TXUZVZSFRXZGTL-QPLCGJKRSA-N,4-Hydroxytamoxifen,4,3,1,0,0,0.2499999999375,0.7499999998125,0
adrenaline,UCTWMZQNUQWSLP-VIFPVBQESA-N,Epinephrine,4,0,1,3,0,0.2499999999375,0.0,0
gabapentin,UGJMXCAKCUNAIE-UHFFFAOYSA-N,Gabapentin,4,2,1,0,1,0.2499999999375,0.499999999875,0
aclacinomycin A,USZYSDMBJDPRIF-SVEJIMAYSA-N,Aclarubicin,4,1,0,0,3,0.0,0.2499999999375,0
epidermal growth factor,VBEQCZHXXJYVRD-GACYYNSASA-N,Urogastrone,4,0,0,1,3,0.0,0.0,0
galangin,VCCRNZQBSJXYJD-UHFFFAOYSA-N,Galangin,4,0,1,2,1,0.2499999999375,0.0,0
alprazolam,VREFGVBLTWBCJP-UHFFFAOYSA-N,Alprazolam,4,3,0,0,1,0.0,0.7499999998125,0
escitalopram,WSEQXVZVJXJVFP-FQEVSTJZSA-N,Escitalopram,4,3,1,0,0,0.2499999999375,0.7499999998125,0
tetramethylrosamine,XUDZMIGAJMGETI-UHFFFAOYSA-N,Tetramethylchloromethylrosamine,4,4,0,0,0,0.0,0.99999999975,0
mesaconitine,XUHJBXVYNBQQBD-GQPWXMLZSA-N,Mesaconitine,4,3,1,0,0,0.2499999999375,0.7499999998125,0
levothyroxine,XUIIKFGFIJCVMT-LBPRGKRZSA-N,Levothyroxine,4,0,0,4,0,0.0,0.0,0
simvastatin acid,XWLXKKNPFMNSFA-HGQWONQESA-N,Simvastatin acid,4,3,0,0,1,0.0,0.7499999998125,0
norbuprenorphine,YOYLLRBMGQRFTN-IOMBULRVSA-N,Norbuprenorphine,4,3,1,0,0,0.2499999999375,0.7499999998125,0
cycloheximide,YPHMISFOHDHNIV-FSZOTQKASA-N,Cycloheximide,4,1,0,2,1,0.0,0.2499999999375,0
BODIPY-vinblastine,ZFBABKNIHVHQBA-DSNSIIFISA-N,BODIPY-vinblastine,4,4,0,0,0,0.0,0.99999999975,0
gemifloxacin,ZRCVYEYHRGVLOC-HYARGMPZSA-N,Gemifloxacin,4,2,1,1,0,0.2499999999375,0.499999999875,0
"carbamazepine-10,11-epoxide",ZRWWEEVEIOGMMT-UHFFFAOYSA-N,Carbamazepine epoxide,4,4,0,0,0,0.0,0.99999999975,0
furosemide,ZZUFCTLCJUWOSV-UHFFFAOYSA-N,Furosemide,4,3,0,0,1,0.0,0.7499999998125,0
diazepam,AAOVKJBEBIDNHE-UHFFFAOYSA-N,Diazepam,3,1,0,0,2,0.0,0.3333333332222222,0
naldemedine,AXQACEQYCPKDMV-RZAWKFBISA-N,Naldemedine,3,3,0,0,0,0.0,0.9999999996666666,0
HTI-286,CNTMOLDWXSVYKD-PSRNMDMQSA-N,Taltobulin,3,1,0,0,2,0.0,0.3333333332222222,0
lactacystin,DAQAKHDKYAWHCG-RWTHQLGUSA-N,Lactacystin,3,0,0,0,3,0.0,0.0,0
monomethyl auristatin E,DASWEROEPLKSEI-UIJRFTGLSA-N,Monomethyl Auristatin E,3,3,0,0,0,0.0,0.9999999996666666,0
diclofenac,DCOPUUMXTXDBNB-UHFFFAOYSA-N,Diclofenac,3,0,0,2,1,0.0,0.0,0
estrone,DNXHEGUUPJUMQT-CBZIJGRNSA-N,Estrone,3,1,0,1,1,0.0,0.3333333332222222,0
phenprocoumon,DQDAYGNAKTZFIW-UHFFFAOYSA-N,Phenprocoumon,3,3,0,0,0,0.0,0.9999999996666666,0
primidone,DQMZLTXERSFNPB-UHFFFAOYSA-N,Primidone,3,0,0,3,0,0.0,0.0,0
repaglinide,FAEKWTJYAYMJKF-QHCPKHFHSA-N,Repaglinide,3,3,0,0,0,0.0,0.9999999996666666,0
VRT-325,FJNFVCAHHFNREI-UHFFFAOYSA-N,4-(Cyclohexyloxy)-2-(1-(4-[(4-methoxybenzene)sulfonyl]piperazin-1-yl)ethyl)quinazoline,3,0,0,0,3,0.0,0.0,0
panobinostat,FPOHNWQLNRZRFC-ZHACJKMWSA-N,Panobinostat,3,2,0,1,0,0.0,0.6666666664444444,0
ginkgolide A,FPUXKXIZEIDQKW-VKMVSBOZSA-N,Ginkgolide A,3,1,0,2,0,0.0,0.3333333332222222,0
Ginsenoside compound K,FVIZARNDLVOMSU-IRFFNABBSA-N,Ginsenoside K,3,2,0,0,1,0.0,0.6666666664444444,0
pralsetinib,GBLBJPZSROAGMF-BATDWUPUSA-N,Pralsetinib,3,3,0,0,0,0.0,0.9999999996666666,0
bosentan,GJPICJJJRGTNOD-UHFFFAOYSA-N,Bosentan,3,1,0,2,0,0.0,0.3333333332222222,0
globotriaosylceramide,HFQKBOPMAOTAIR-TZSVBWBLSA-N,Globotriaosylceramide,3,0,0,1,2,0.0,0.0,0
ifosfamide,HOMGKSMUEGBAAB-UHFFFAOYSA-N,Ifosfamide,3,0,0,1,2,0.0,0.0,0
talazoparib,HWGQMRYQVZSGDQ-HZPDHXFCSA-N,Talazoparib,3,2,0,0,1,0.0,0.6666666664444444,0
Homoharringtonine,HYFHYPWGAURHIV-JFIAXGOJSA-N,Omacetaxine Mepesuccinate,3,3,0,0,0,0.0,0.9999999996666666,0
isorhamnetin,IZQSVPBOUDKVDZ-UHFFFAOYSA-N,Isorhamnetin,3,3,0,0,0,0.0,0.9999999996666666,0
pristimerin,JFACETXYABVHFD-WXPPGMDDSA-N,Pristimerin,3,2,0,0,1,0.0,0.6666666664444444,0
apafant,JGPJQFOROWSRRS-UHFFFAOYSA-N,Apafant,3,3,0,0,0,0.0,0.9999999996666666,0
penicillin G,JGSARLDLIJGVTE-MBNYWOFBSA-N,Penicillin G,3,3,0,0,0,0.0,0.9999999996666666,0
dapagliflozin,JVHXJTBJCFBINQ-ADAARDCZSA-N,Dapagliflozin,3,3,0,0,0,0.0,0.9999999996666666,0
apicidin,JWOGUUIOCYMBPV-GMFLJSBRSA-N,Apicidin,3,1,0,2,0,0.0,0.3333333332222222,0
25-hydroxyvitamin D3,JWUBBDSIWDLEOM-DTOXIADCSA-N,Calcifediol,3,1,0,2,0,0.0,0.3333333332222222,0
coelenterazine,LNCOEGVEEQDKGX-UHFFFAOYSA-N,Coelenterazine,3,3,0,0,0,0.0,0.9999999996666666,0
ouabain,LPMXVESGRSUGHW-HBYQJFLCSA-N,Ouabain,3,1,0,2,0,0.0,0.3333333332222222,0
sitagliptin,MFFMDFFZMYYVKS-SECBINFHSA-N,Sitagliptin,3,3,0,0,0,0.0,0.9999999996666666,0
1-O-octadecyl-2-O-methyl-rac-glycero-3-phosphocholine,MHFRGQHAERHWKZ-UHFFFAOYSA-N,Edelfosine,3,2,0,0,1,0.0,0.6666666664444444,0
brivaracetam,MSYKRHVOOPPJKU-BDAKNGLRSA-N,Brivaracetam,3,0,0,0,3,0.0,0.0,0
jatrorrhizine,MXTLAHSTUOXGQF-UHFFFAOYSA-O,Jatrorrhizine,3,2,0,0,1,0.0,0.6666666664444444,0
sulfasalazine,NCEXYHBECQHGNR-QZQOTICOSA-N,Sulfasalazine,3,2,0,0,1,0.0,0.6666666664444444,0
gramicidin D,NDAYQJDHGXTBJL-MWWSRJDJSA-N,Gramicidin D,3,3,0,0,0,0.0,0.9999999996666666,0
vinflunine,NMDYYWFGPIMTKO-KLCPSUAYSA-N,Vinflunine,3,1,0,1,1,0.0,0.3333333332222222,0
azacytidine,NMUSYJAQQFHJEW-KVTDHHQDSA-N,Azacitidine,3,0,0,1,2,0.0,0.0,0
salvicine,NZIUPDOWWMGNCV-UHFFFAOYSA-N,Salvicine,3,0,0,0,3,0.0,0.0,0
fluo-3,OZLGRUXZXMRXGP-UHFFFAOYSA-N,Fluo-3,3,3,0,0,0,0.0,0.9999999996666666,0
dantrolene,OZOMQRBLCMDCEG-VIZOYTHASA-N,Dantrolene,3,3,0,0,0,0.0,0.9999999996666666,0
Flutax-2,PGOSVWLSFOGNCE-LIESBUPCSA-N,Flutax 2,3,3,0,0,0,0.0,0.9999999996666666,0
ombitasvir,PIDFDZJZLOTZTM-KHVQSSSXSA-N,Ombitasvir,3,3,0,0,0,0.0,0.9999999996666666,0
eletriptan,PWVXXGRKLHYWKM-LJQANCHMSA-N,Eletriptan,3,3,0,0,0,0.0,0.9999999996666666,0
clioquinol,QCDFBFJGMNKBDO-UHFFFAOYSA-N,Clioquinol,3,0,0,3,0,0.0,0.0,0
tetrofosmin,QCWJONLQSHEGEJ-UHFFFAOYSA-N,Tetrofosmin,3,3,0,0,0,0.0,0.9999999996666666,0
PF-00835231,QDIMHKWNHMVDJB-WBAXXEDZSA-N,PF-00835231,3,3,0,0,0,0.0,0.9999999996666666,0
cis-platinum,QGZKDVFQNNGYKY-UHFFFAOYSA-N,Ammonia,3,2,0,0,1,0.0,0.6666666664444444,0
NH4Cl,QGZKDVFQNNGYKY-UHFFFAOYSA-O,Ammonium,3,0,0,2,1,0.0,0.0,0
epothilone B,QXRSDHAAWVKZLJ-PVYNADRNSA-N,Epothilone B,3,1,0,0,2,0.0,0.3333333332222222,0
barasertib-hQPA,QYZOGCMHVIGURT-UHFFFAOYSA-N,Azd-1152hqpa,3,3,0,0,0,0.0,0.9999999996666666,0
HIV-1,RAVVEEJGALCVIN-AGVBWZICSA-N,HIV-1 Tat Protein (47-57),3,0,0,2,1,0.0,0.0,0
arsenic,RBFQJDQYXXHULB-UHFFFAOYSA-N,Arsenic,3,2,0,0,1,0.0,0.6666666664444444,0
diethylstilbestrol,RGLYKWWBQGJZGM-ISLYRVAYSA-N,Diethylstilbestrol,3,1,0,1,1,0.0,0.3333333332222222,0
TAS-103,ROWSTIYZUWEOMM-UHFFFAOYSA-N,"6-((2-(dimethylamino)ethyl)amino)-3-hydroxy-7H-indeno(2,1-c)quinolin-7-one",3,0,0,0,3,0.0,0.0,0
S-fexofenadine,RWTNPBWLLIMQHL-LJAQVGFWSA-N,(S)-Fexofenadine,3,3,0,0,0,0.0,0.9999999996666666,0
cerivastatin,SEERZIQQUAZTOL-ANMDKAQQSA-N,Cerivastatin,3,2,0,1,0,0.0,0.6666666664444444,0
T0901317,SGIWFELWJPNFDH-UHFFFAOYSA-N,"N-(2,2,2-Trifluoroethyl)-N-{4-[2,2,2-trifluoro-1-hydroxy-1-(trifluoromethyl)ethyl]phenyl}benzenesulfonamide",3,0,0,2,1,0.0,0.0,0
fluorescent substrate,SUTRDULVNIPNLW-SFHVURJKSA-N,Boc-Lys(Ac)-AMC,3,3,0,0,0,0.0,0.9999999996666666,0
evodiamine,TXDUTHBFYKGSAH-GOSISDBHSA-N,Evodiamine,3,2,0,0,1,0.0,0.6666666664444444,0
zolmitriptan,ULSDMUVEXKOYBU-ZDUSSCGKSA-N,Zolmitriptan,3,3,0,0,0,0.0,0.9999999996666666,0
ezetimibe glucuronide,UOFYCFMTERCNEW-ADEYADIWSA-N,Ezetimibe Phenoxy Glucuronide,3,3,0,0,0,0.0,0.9999999996666666,0
betamethasone,UREBDLICKHMUKA-DVTGEIKXSA-N,Betamethasone,3,2,0,1,0,0.0,0.6666666664444444,0
naloxone,UZHSEJADLWPNLE-GRGSLBFTSA-N,Naloxone,3,0,0,0,3,0.0,0.0,0
acenocoumarol,VABCILAOYCMVPS-UHFFFAOYSA-N,Acenocoumarol,3,2,0,0,1,0.0,0.6666666664444444,0
pitavastatin,VGYFMXBACGZSIL-MCBHFWOFSA-N,Pitavastatin,3,3,0,0,0,0.0,0.9999999996666666,0
9-nitrocamptothecin,VHXNKPBCCMUMSW-FQEVSTJZSA-N,Rubitecan,3,2,0,0,1,0.0,0.6666666664444444,0
lacosamide,VPPJLAIAVCUEMN-GFCCVEGCSA-N,Lacosamide,3,2,0,0,1,0.0,0.6666666664444444,0
pregnenolone 16alpha-carbonitrile,VSBHRRMYCDQLJF-ZDNYCOCVSA-N,Pregnenolone Carbonitrile,3,0,0,3,0,0.0,0.0,0
Cd2+,WLZRMCYVCSSEQC-UHFFFAOYSA-N,Cadmium cation,3,1,0,2,0,0.0,0.3333333332222222,0
L-DOPA,WTDRDQBEARUVNC-LURJTMIESA-N,Levodopa,3,3,0,0,0,0.0,0.9999999996666666,0
sphingosine,WWUZIQQURGPMPG-KRWOKUGFSA-N,Sphingosine,3,1,0,1,1,0.0,0.3333333332222222,0
amsacrine,XCPGHVQEEXUHNC-UHFFFAOYSA-N,Amsacrine,3,3,0,0,0,0.0,0.9999999996666666,0
pentamidine,XDRYMKDFEDOLFX-UHFFFAOYSA-N,Pentamidine,3,2,0,0,1,0.0,0.6666666664444444,0
triapine,XMYKNCNAZKMVQN-NYYWCZLTSA-N,Triapine,3,2,0,1,0,0.0,0.6666666664444444,0
famotidine,XUFQPHANEAPEMJ-UHFFFAOYSA-N,Famotidine,3,3,0,0,0,0.0,0.9999999996666666,0
vosaroxin,XZAFZXJXZHRNAQ-STQMWFEESA-N,Vosaroxin,3,0,0,0,3,0.0,0.0,0
dicloxacillin,YFAGHNZHGGCZAX-JKIFEVAISA-N,Dicloxacillin,3,2,0,1,0,0.0,0.6666666664444444,0
Fura-2,YFHXZQPUBCBNIP-UHFFFAOYSA-N,Fura-2,3,3,0,0,0,0.0,0.9999999996666666,0
SR12813,YQLJDECYQDRSBI-UHFFFAOYSA-N,SR12813,3,0,0,3,0,0.0,0.0,0
dehydrothyrsiferol,ZAFALSYXVNIPJK-LGGVQCJHSA-N,Dehydrothyrsiferol,3,0,0,0,3,0.0,0.0,0
alisertib,ZLHFILGSQDJULK-UHFFFAOYSA-N,Alisertib,3,3,0,0,0,0.0,0.9999999996666666,0
hydroxyzine,ZQDWXGKKHFNSQK-UHFFFAOYSA-N,Hydroxyzine,3,1,0,0,2,0.0,0.3333333332222222,0
astilbin,ZROGCCBNZBKLEL-MPRHSVQHSA-N,Astilbin,3,2,0,1,0,0.0,0.6666666664444444,0
ximelagatran,ZXIBCJHYVWYIKI-PZJWPPBQSA-N,Ximelagatran,3,3,0,0,0,0.0,0.9999999996666666,0
cisplatin,Not applicable,Cisplatin,645,158,192,106,189,0.29767441860418964,0.24496124030969774,0
