input_name	desalted_inchikey	desalted_pref_name	sum_total_count	substrate_count	inhibitor_count	inducer_count	other_count	inhibitor_score	pgp_inhibitor	primary_type	smiles
verapamil	SGTNSNPWRIOYBX-UHFFFAOYSA-N	Verapamil	1416	169	1212	12	23	0.855932203389226	1		CC(C)C(CCCN(C)CCC1=CC(=C(C=C1)OC)OC)(C#N)C2=CC(=C(C=C2)OC)OC
cyclosporin A	PMATZTZNYRCHOR-CGLBZJNRSA-N	cyclosporin A	857	177	649	8	23	0.7572928821461409	1		CC[C@H]1C(=O)N(CC(=O)N([C@H](C(=O)N[C@H](C(=O)N([C@H](C(=O)N[C@H](C(=O)N[C@@H](C(=O)N([C@H](C(=O)N([C@H](C(=O)N([C@H](C(=O)N([C@H](C(=O)N1)[C@@H]([C@H](C)C/C=C/C)O)C)C(C)C)C)CC(C)C)C)CC(C)C)C)C)C)CC(C)C)C)C(C)C)CC(C)C)C)C
PSC833	YJDYDFNKCBANTM-QCWCSKBGSA-N	Valspodar	352	3	344	0	5	0.977272727269951	1		C/C=C/C[C@@H](C)C(=O)[C@H]1C(=O)N[C@H](C(=O)N(CC(=O)N([C@H](C(=O)N[C@H](C(=O)N([C@H](C(=O)N[C@H](C(=O)N[C@@H](C(=O)N([C@H](C(=O)N([C@H](C(=O)N([C@H](C(=O)N1C)C(C)C)C)CC(C)C)C)CC(C)C)C)C)C)CC(C)C)C)C(C)C)CC(C)C)C)C)C(C)C
elacridar	OSFCMRGOZNQUSW-UHFFFAOYSA-N	Elacridar	256	2	251	0	3	0.98046874999617	1		COC1=CC=CC2=C1NC3=C(C2=O)C=CC=C3C(=O)NC4=CC=C(C=C4)CCN5CCC6=CC(=C(C=C6C5)OC)OC
tariquidar	LGGHDPFKSSRQNS-UHFFFAOYSA-N	Tariquidar	216	4	208	0	4	0.9629629629585048	1		COC1=C(C=C2CN(CCC2=C1)CCC3=CC=C(C=C3)NC(=O)C4=CC(=C(C=C4NC(=O)C5=CC6=CC=CC=C6N=C5)OC)OC)OC
ketoconazole	XMAYWYJOQHXEEK-UHFFFAOYSA-N	Ketoconazole	98	7	83	1	7	0.8469387755015618	1		CC(=O)N1CCN(CC1)C2=CC=C(C=C2)OCC3COC(O3)(CN4C=CN=C4)C5=C(C=C(C=C5)Cl)Cl
itraconazole	VHVPQPYKVGDNFY-UHFFFAOYSA-N	Itraconazole	89	4	82	0	3	0.9213483145963892	1		CCC(C)N1C(=O)N(C=N1)C2=CC=C(C=C2)N3CCN(CC3)C4=CC=C(C=C4)OCC5COC(O5)(CN6C=NC=N6)C7=C(C=C(C=C7)Cl)Cl
quercetin	REFJWTPEDVJJIY-UHFFFAOYSA-N	Quercetin	87	5	64	7	11	0.7356321838995904	1		C1=CC(=C(C=C1C2=C(C(=O)C3=C(C=C(C=C3O2)O)O)O)O)O
curcumin	ZIUSSTSXXLLKKK-KOBPDPAPSA-N	Curcumin	84	9	66	1	8	0.785714285704932	1		COC1=C(C=CC(=C1)/C=C/C(=C/C(=O)/C=C/C2=CC(=C(C=C2)O)OC)/O)O
clarithromycin	AGOYDEPGAOXOCK-KCBOHYOISA-N	Clarithromycin	60	11	47	0	2	0.7833333333202778	1		CC[C@@H]1[C@@]([C@@H]([C@H](C(=O)[C@@H](C[C@@]([C@@H]([C@H]([C@@H]([C@H](C(=O)O1)C)O[C@H]2C[C@@]([C@H]([C@@H](O2)C)O)(C)OC)C)O[C@H]3[C@@H]([C@H](C[C@H](O3)C)N(C)C)O)(C)OC)C)C)O)(C)O
amiodarone	IYIKLHRQXLHMJQ-UHFFFAOYSA-N	Amiodarone	38	1	36	1	0	0.9473684210277008	1		CCCCC1=C(C2=CC=CC=C2O1)C(=O)C3=CC(=C(C(=C3)I)OCCN(CC)CC)I
LY335979	IHOVFYSQUDPMCN-XAKVHENESA-N	Zosuquidar	37	0	37	0	0	0.9999999999729732	1		C1CN(CCN1C[C@H](COC2=CC=CC3=C2C=CC=N3)O)C4C5=CC=CC=C5[C@H]6[C@H](C6(F)F)C7=CC=CC=C47
tetrandrine	WVTKBKWTSCPRNU-KYJUHHDHSA-N	Tetrandrine	34	0	33	0	1	0.970588235265571	1		CN1CCC2=CC(=C3C=C2[C@@H]1CC4=CC=C(C=C4)OC5=C(C=CC(=C5)C[C@H]6C7=C(O3)C(=C(C=C7CCN6C)OC)OC)OC)OC
diltiazem	HSUGRBWQSSZJOP-RTWAWAEBSA-N	Diltiazem	33	5	25	1	2	0.7575757575528008	1		CC(=O)O[C@@H]1[C@@H](SC2=CC=CC=C2N(C1=O)CCN(C)C)C3=CC=C(C=C3)OC
quinine	LOUPRKONTZGTKE-WZBLMQSHSA-N	Quinine	31	5	24	0	2	0.7741935483621228	1		COC1=CC2=C(C=CN=C2C=C1)[C@H]([C@@H]3C[C@@H]4CCN3C[C@@H]4C=C)O
epigallocatechin gallate	WMBWREPUVVBILR-WIYYLYMNSA-N	Epigallocatechin Gallate	31	0	25	1	5	0.8064516128772112	1		C1[C@H]([C@H](OC2=CC(=CC(=C21)O)O)C3=CC(=C(C(=C3)O)O)O)OC(=O)C4=CC(=C(C(=C4)O)O)O
piperine	MXXWOMGUGJBKIW-YPCIICBESA-N	Piperine	29	1	22	2	4	0.7586206896290131	1		C1CCN(CC1)C(=O)/C=C/C=C/C2=CC3=C(C=C2)OCO3
R-verapamil	SGTNSNPWRIOYBX-HHHXNRCGSA-N	Dexverapamil	29	1	28	0	0	0.9655172413460168	1		CC(C)[C@@](CCCN(C)CCC1=CC(=C(C=C1)OC)OC)(C#N)C2=CC(=C(C=C2)OC)OC
reserpine	QEVHRUUCFGRFIF-MDEJGZGSSA-N	Reserpine	27	1	23	3	0	0.8518518518203018	1		CO[C@H]1[C@@H](C[C@@H]2CN3CCC4=C([C@H]3C[C@@H]2[C@@H]1C(=O)OC)NC5=C4C=CC(=C5)OC)OC(=O)C6=CC(=C(C(=C6)OC)OC)OC
dipyridamole	IZEKFCXSFNUWAM-UHFFFAOYSA-N	Dipyridamole	25	2	23	0	0	0.9199999999632	1		C1CCN(CC1)C2=NC(=NC3=C2N=C(N=C3N4CCCCC4)N(CCO)CCO)N(CCO)CCO
encequidar	AHJUHHDDCJQACA-UHFFFAOYSA-N	Encequidar	21	0	21	0	0	0.999999999952381	1		COC1=C(C=C2CN(CCC2=C1)CCC3=CC=C(C=C3)N4N=C(N=N4)C5=CC(=C(C=C5NC(=O)C6=CC(=O)C7=CC=CC=C7O6)OC)OC)OC
nitric oxide	MWUXSHHQAYIFBG-UHFFFAOYSA-N	Nitric Oxide	21	0	18	0	3	0.8571428571020409	1		[N]=O
cepharanthine	YVPXVXANRNDGTA-WDYNHAJCSA-N	Cepharanthine	20	1	19	0	0	0.9499999999525	1		CN1CCC2=CC3=C(C4=C2[C@@H]1CC5=CC=C(C=C5)OC6=C(C=CC(=C6)C[C@@H]7C8=CC(=C(C=C8CCN7C)OC)O4)OC)OCO3
VX-710	CGVWPQOFHSAKRR-NDEPHWFRSA-N	Biricodar	19	0	18	0	1	0.94736842100277	1		COC1=CC(=CC(=C1OC)OC)C(=O)C(=O)N2CCCC[C@H]2C(=O)OC(CCCC3=CN=CC=C3)CCCC4=CN=CC=C4
Tween 80	HDTIFOGXOGLRCB-KTKRTIGZSA-N	Tween 80	19	0	16	0	3	0.8421052631135734	1		CCCCCCCC/C=C\CCCCCCCC(=O)OCCOCC(C1C(C(CO1)OCCO)OCCO)OCCO
trifluoperazine	ZEWQUBUPAILYHI-UHFFFAOYSA-N	Trifluoperazine	18	1	16	0	1	0.8888888888395061	1		CN1CCN(CC1)CCCN2C3=CC=CC=C3SC4=C2C=C(C=C4)C(F)(F)F
compound 5	OCTNNAIBEKZOPK-BWLIDFMXSA-N	(2S)-2-[[(2Z,4E)-hexa-2,4-dienoyl]amino]-4-[(2Z,4E)-hexa-2,4-dienoyl]sulfanylbutanoic acid	16	1	14	0	1	0.8749999999453125	1		C/C=C/C=C\C(=O)N[C@@H](CCSC(=O)/C=C\C=C\C)C(=O)O
probenecid	DBABZHXKTCFAPX-UHFFFAOYSA-N	Probenecid	15	0	12	0	3	0.7999999999466667	1		CCCN(CCC)S(=O)(=O)C1=CC=C(C=C1)C(=O)O
tangeretin	ULSUXBXHSYSGDT-UHFFFAOYSA-N	Tangeretin	15	1	13	1	0	0.8666666666088889	1		COC1=CC=C(C=C1)C2=CC(=O)C3=C(O2)C(=C(C(=C3OC)OC)OC)OC
naringin	DFPMSGMNTNDNHN-ZPHOTFPESA-N	Naringin	14	1	11	1	1	0.7857142856581633	1		C[C@H]1[C@@H]([C@H]([C@H]([C@@H](O1)O[C@@H]2[C@H]([C@@H]([C@H](O[C@H]2OC3=CC(=C4C(=O)C[C@H](OC4=C3)C5=CC=C(C=C5)O)O)CO)O)O)O)O)O
compound 3	DIDJTOBWBNSVKL-SSDOTTSWSA-N	Compound 3	14	0	12	2	0	0.8571428570816326	1		C1[C@@H](OC(=O)N1C2=CC(=C(C=C2)I)F)CO
MS-209	KLWUUPVJTLHYIM-UHFFFAOYSA-N	Dofequidar	14	0	14	0	0	0.9999999999285716	1		C1CN(CCN1CC(COC2=CC=CC3=C2C=CC=N3)O)C(=O)C(C4=CC=CC=C4)C5=CC=CC=C5
morin	YXOLAZRVSSWPPT-UHFFFAOYSA-N	Morin	14	2	12	0	0	0.8571428570816326	1		C1=CC(=C(C=C1O)O)C2=C(C(=O)C3=C(C=C(C=C3O2)O)O)O
pantoprazole	IQPSEEYGBUAQFF-UHFFFAOYSA-N	Pantoprazole	12	2	10	0	0	0.8333333332638889	1		COC1=C(C(=NC=C1)CS(=O)C2=NC3=C(N2)C=C(C=C3)OC(F)F)OC
nobiletin	MRIAQLRQZPPODS-UHFFFAOYSA-N	Nobiletin	12	0	12	0	0	0.9999999999166668	1		COC1=C(C=C(C=C1)C2=CC(=O)C3=C(O2)C(=C(C(=C3OC)OC)OC)OC)OC
compound 7	OJHMDRZMENMQFP-UHFFFAOYSA-N	Ldn-91946	12	1	9	1	1	0.7499999999375	1		C1=CC=C(C=C1)C(=O)C2=C(C3=C(S2)NC(=O)C(=C3)C(=O)O)N
compound 9	QKHWJUMLYAYZFS-ONEGZZNKSA-N	5-(2-Fluoro-5-{(1E)-3-[3-hydroxy-2-(methoxycarbonyl)phenoxy]-1-propen-1-yl}phenyl)-1,2-oxazole-3-carboxylic acid	12	0	9	0	3	0.7499999999375	1		COC(=O)C1=C(C=CC=C1OC/C=C/C2=CC(=C(C=C2)F)C3=CC(=NO3)C(=O)O)O
guggulsterone	WDXRGPWQVHZTQJ-OSJVMJFVSA-N	Guggulsterone	12	0	11	0	1	0.9166666665902776	1		C/C=C/1\C(=O)C[C@@H]2[C@@]1(CC[C@H]3[C@H]2CCC4=CC(=O)CC[C@]34C)C
20(S)-ginsenoside Rh2	CKUVNOCSBYYHIS-IRFFNABBSA-N	20(S)-Ginsenoside RH2	11	3	8	0	0	0.7272727272066115	1		CC(=CCC[C@@](C)([C@H]1CC[C@@]2([C@@H]1[C@@H](C[C@H]3[C@]2(CC[C@@H]4[C@@]3(CC[C@@H](C4(C)C)O[C@H]5[C@@H]([C@H]([C@@H]([C@H](O5)CO)O)O)O)C)C)O)C)O)C
trans-flupenthixol	NJMYODHXAKYRHW-BLLMUTORSA-N	Flupenthixol	11	3	8	0	0	0.7272727272066115	1		C1CN(CCN1CC/C=C/2\C3=CC=CC=C3SC4=C2C=C(C=C4)C(F)(F)F)CCO
emodin	RHMXXJGYXNZAPX-UHFFFAOYSA-N	Emodin	11	1	9	0	1	0.8181818181074381	1		CC1=CC2=C(C(=C1)O)C(=O)C3=C(C2=O)C=C(C=C3O)O
fluoxetine	RTHCYVBBDHJXIQ-UHFFFAOYSA-N	Fluoxetine	11	1	9	0	1	0.8181818181074381	1		CNCCC(C1=CC=CC=C1)OC2=CC=C(C=C2)C(F)(F)F
dronedarone	ZQTNQVWKHCQYLQ-UHFFFAOYSA-N	Dronedarone	11	1	10	0	0	0.9090909090082644	1		CCCCC1=C(C2=C(O1)C=CC(=C2)NS(=O)(=O)C)C(=O)C3=CC=C(C=C3)OCCCN(CCCC)CCCC
indomethacin	CGIGDMFJXJATDK-UHFFFAOYSA-N	Indomethacin	10	0	8	2	0	0.79999999992	1		CC1=C(C2=C(N1C(=O)C3=CC=C(C=C3)Cl)C=CC(=C2)OC)CC(=O)O
baicalein	FXNFHKRTJBSTCS-UHFFFAOYSA-N	Baicalein	10	1	9	0	0	0.89999999991	1		C1=CC=C(C=C1)C2=CC(=O)C3=C(O2)C=C(C(=C3O)O)O
compound 10	MAXQBMZDVBHSLW-KNVOCYPGSA-N	Compound 10	10	1	9	0	0	0.89999999991	1		CC(C)(C)OC(=O)N1C[C@H]([C@H](C1)O)O
laniquidar	TULGGJGJQXESOO-UHFFFAOYSA-N	Laniquidar	10	0	10	0	0	0.9999999999	1		COC(=O)C1=CN=C2N1CCC3=CC=CC=C3C2=C4CCN(CC4)CCC5=CC=C(C=C5)OCC6=NC7=CC=CC=C7C=C6
mifepristone	VKHAHZOOUSRJNA-GCNJZUOMSA-N	Mifepristone	10	0	10	0	0	0.9999999999	1		CC#C[C@@]1(CC[C@@H]2[C@@]1(C[C@@H](C3=C4CCC(=O)C=C4CC[C@@H]23)C5=CC=C(C=C5)N(C)C)C)O
compound 8	XIVUGRBSBIXXJE-UHFFFAOYSA-N	7-[3-(Dimethylamino)propoxy]-6-methoxy-2-(4-methyl-1,4-diazepan-1-yl)-N-(1-methylpiperidin-4-yl)quinazolin-4-amine	10	1	8	0	1	0.79999999992	1		CN1CCCN(CC1)C2=NC3=CC(=C(C=C3C(=N2)NC4CCN(CC4)C)OC)OCCCN(C)C
vitamin E TPGS	AOBORMOPSGHCAX-UHFFFAOYSA-N	Tocophersolan	9	0	9	0	0	0.9999999998888888	1		CC1=C(C(=C(C2=C1OC(CC2)(C)CCCC(C)CCCC(C)CCCC(C)C)C)OC(=O)CCC(=O)OCCO)C
S9788	GERNFWKTMKWULM-UHFFFAOYSA-N	S 9788	9	0	9	0	0	0.9999999998888888	1		C=CCNC1=NC(=NC(=N1)N2CCC(CC2)NCC(C3=CC=C(C=C3)F)C4=CC=C(C=C4)F)NCC=C
apatinib	WPEWQEMJFLWMLV-UHFFFAOYSA-N	Rivoceranib	9	0	9	0	0	0.9999999998888888	1		C1CCC(C1)(C#N)C2=CC=C(C=C2)NC(=O)C3=C(N=CC=C3)NCC4=CC=NC=C4
disulfiram	AUZONCFQVSMFAP-UHFFFAOYSA-N	Disulfiram	8	0	7	0	1	0.874999999890625	1		CCN(CC)C(=S)SSC(=S)N(CC)CC
Schisandrin A	JEJFTTRHGBKKEI-OKILXGFUSA-N	Schisandrin A	8	0	7	0	1	0.874999999890625	1		C[C@@H]1CC2=CC(=C(C(=C2C3=C(C(=C(C=C3C[C@@H]1C)OC)OC)OC)OC)OC)OC
mitotane	JWBOIMRXGHLCPP-UHFFFAOYSA-N	Mitotane	8	0	7	1	0	0.874999999890625	1		C1=CC=C(C(=C1)C(C2=CC=C(C=C2)Cl)C(Cl)Cl)Cl
compound 11	NRZNTGUFHSJBTD-HKOYGPOVSA-N	Aftobetin	8	0	7	0	1	0.874999999890625	1		COCCOCCOCCOC(=O)/C(=C/C1=CC2=C(C=C1)C=C(C=C2)N3CCCCC3)/C#N
chemosensitizers	RBTBFTRPCNLSDE-UHFFFAOYSA-N	Methylene blue cation	8	1	7	0	0	0.874999999890625	1		CN(C)C1=CC2=C(C=C1)N=C3C=CC(=[N+](C)C)C=C3S2
Compound 19	UZOOIPXOYYJULJ-BLIZRMSTSA-N	Compound 19	8	0	8	0	0	0.999999999875	1		C[C@H](COC1=CC=C(C=C1)[C@H]2[C@H](SC3=C(O2)C=CC(=C3)O)C4=CC=C(C=C4)O)N5CCCC5
ledipasvir	VRTWBAAJJOHBQU-KMWAZVGDSA-N	Ledipasvir	8	2	6	0	0	0.74999999990625	1		CC(C)[C@@H](C(=O)N1CC2(CC2)C[C@H]1C3=NC=C(N3)C4=CC5=C(C=C4)C6=C(C5(F)F)C=C(C=C6)C7=CC8=C(C=C7)N=C(N8)[C@@H]9[C@H]1CC[C@H](C1)N9C(=O)[C@H](C(C)C)NC(=O)OC)NC(=O)OC
compound 13	YUAALFPUEOYPNX-UHFFFAOYSA-N	Dubermatinib	8	1	6	0	1	0.74999999990625	1		CN1CCN(CC1)CC2=CC=C(C=C2)NC3=NC=C(C(=N3)NC4=CC=CC=C4S(=O)(=O)N(C)C)Cl
MK571	AXUZQJFHDNNPFG-UXBLZVDNSA-M	sodium (E)-3-((3-(2-(7-chloroquinolin-2-yl)vinyl)phenyl)(3-(dimethylamino)-3-oxopropylthio)methylthio)propanoate	7	0	7	0	0	0.9999999998571428	1		CN(C)C(=O)CCSC(C1=CC=CC(=C1)/C=C/C2=NC3=C(C=CC(=C3)Cl)C=C2)SCCC(=O)[O-]
MK-571	AXUZQJFHDNNPFG-UXBLZVDNSA-N	Mk-571	7	0	6	0	1	0.8571428570204082	1		CN(C)C(=O)CCSC(C1=CC=CC(=C1)/C=C/C2=NC3=C(C=CC(=C3)Cl)C=C2)SCCC(=O)O
midostaurin	BMGQWWVMWDBQGC-IIFHNQTCSA-N	Midostaurin	7	0	6	0	1	0.8571428570204082	1		C[C@@]12[C@@H]([C@@H](C[C@@H](O1)N3C4=CC=CC=C4C5=C6C(=C7C8=CC=CC=C8N2C7=C53)CNC6=O)N(C)C(=O)C9=CC=CC=C9)OC
6',7'-Dihydroxybergamottin	IXZUPBUEKFXTSD-MDWZMJQESA-N	6',7'-Dihydroxybergamottin	7	0	6	1	0	0.8571428570204082	1		C/C(=C\COC1=C2C=CC(=O)OC2=CC3=C1C=CO3)/CCC(C(C)(C)O)O
sodium orthovanadate	LSGOVYNHVSXFFJ-UHFFFAOYSA-N	Vanadate(3-)	7	0	6	0	1	0.8571428570204082	1		[O-][V](=O)([O-])[O-]
schisandrin B	RTZKSTLPRTWFEV-UHFFFAOYSA-N	Schisandrin B	7	0	6	0	1	0.8571428570204082	1		CC1CC2=CC3=C(C(=C2C4=C(C(=C(C=C4CC1C)OC)OC)OC)OC)OCO3
vardenafil	SECKRCOLJRRGGV-UHFFFAOYSA-N	Vardenafil	7	1	6	0	0	0.8571428570204082	1		"CCCC1=NC(=C2N1NC(=NC2=O)C3=C(C=CC(=C3)S(=O)(=O)N4CCN(CC4)CC)OCC)C
CCCC1=NC(=C2N1N=C(NC2=O)C3=C(C=CC(=C3)S(=O)(=O)N4CCN(CC4)CC)OCC)C"
WK-X-34	WKEBQZAUNGERGA-UHFFFAOYSA-N	N-(2-(4-(2-(6,7-dimethoxy-3,4-dihydroisoquinolin-2(1H)-yl)ethyl)phenylcarbamoyl)phenyl)-3,4-dimethoxybenzamide	7	0	7	0	0	0.9999999998571428	1		COC1=C(C=C(C=C1)C(=O)NC2=CC=CC=C2C(=O)NC3=CC=C(C=C3)CCN4CCC5=CC(=C(C=C5C4)OC)OC)OC
compound 20	WZJFKVHMXBGZBQ-PMACEKPBSA-N	Ketoace	7	0	7	0	0	0.9999999998571428	1		C1C[C@H](N(C1)C(=O)CCC(=O)[C@H](CC2=CC=CC=C2)NC(=O)C3=CC=CC=C3)C(=O)O
cobicistat	ZCIGNRJZKPOIKD-CQXVEOKZSA-N	Cobicistat	7	0	7	0	0	0.9999999998571428	1		CC(C)C1=NC(=CS1)CN(C)C(=O)N[C@@H](CCN2CCOCC2)C(=O)N[C@H](CC[C@H](CC3=CC=CC=C3)NC(=O)OCC4=CN=CS4)CC5=CC=CC=C5
ellagic acid	AFSDNFLWKVMVRB-UHFFFAOYSA-N	Ellagic Acid	6	0	5	0	1	0.8333333331944445	1		C1=C2C3=C(C(=C1O)O)OC(=O)C4=CC(=C(C(=C43)OC2=O)O)O
5-bromotetrandrine	ANJMFZGRGHQXMA-VMPREFPWSA-N	5-Bromotetrandrine	6	0	6	0	0	0.9999999998333332	1		CN1CCC2=CC(=C3C=C2[C@@H]1CC4=CC=C(C=C4)OC5=C(C=CC(=C5)C[C@H]6C7=C(CCN6C)C(=C(C(=C7O3)OC)OC)Br)OC)OC
fluvoxamine	CJOFXWAVKWHTFT-XSFVSMFZSA-N	Fluvoxamine	6	1	5	0	0	0.8333333331944445	1		COCCCC/C(=N\OCCN)/C1=CC=C(C=C1)C(F)(F)F
PGP-4008	HVIAKQBMYMKWII-UHFFFAOYSA-N	Pgp-4008	6	0	6	0	0	0.9999999998333332	1		C1CN(C2=NC3=CC=CC=C3C(=C21)NC(=O)CC4=CC=CC=C4)CC5=CC=CC=C5
sodium azide	IVRMZWNICZWHMI-UHFFFAOYSA-N	Azide	6	0	5	0	1	0.8333333331944445	1		[N-]=[N+]=[N-]
Ko143	NXNRAECHCJZNRF-JBACZVJFSA-N	Ko 143	6	0	6	0	0	0.9999999998333332	1		CC(C)C[C@H]1C2=C(C[C@@H]3N1C(=O)[C@@H](NC3=O)CCC(=O)OC(C)(C)C)C4=C(N2)C=C(C=C4)OC
β-elemene	OPFTUNCRGUEPRZ-QLFBSQMISA-N	Beta-Elemene	6	0	5	0	1	0.8333333331944445	1		CC(=C)[C@@H]1CC[C@@]([C@@H](C1)C(=C)C)(C)C=C
xanthohumol	ORXQGKIUCDPEAJ-YRNVUSSQSA-N	Xanthohumol	6	0	5	1	0	0.8333333331944445	1		CC(=CCC1=C(C(=C(C=C1O)OC)C(=O)/C=C/C2=CC=C(C=C2)O)O)C
etravirine	PYGWGZALEOIKDF-UHFFFAOYSA-N	Etravirine	6	0	6	0	0	0.9999999998333332	1		CC1=CC(=CC(=C1OC2=NC(=NC(=C2Br)N)NC3=CC=C(C=C3)C#N)C)C#N
bufalin	QEEBRPGZBVVINN-BMPKRDENSA-N	Bufalin	6	1	5	0	0	0.8333333331944445	1		C[C@]12CC[C@@H](C[C@H]1CC[C@@H]3[C@@H]2CC[C@]4([C@@]3(CC[C@@H]4C5=COC(=O)C=C5)O)C)O
Tween 20	QUFQLCNWRIAMTC-UHFFFAOYSA-N	Tween 20	6	0	6	0	0	0.9999999998333332	1		CCCCCCCCCCCC(=O)OCCOCCOCCOCCOCCOCCOCCOCCOCCOCCOCCOCCOCCOCCOCCOCCOCCOCCOCCOCCOCC(C1C(C(CO1)OCCOCCOCCOCCOCCOCCOCCOCCOCCOCCOCCOCCOCCOCCOCCOCCOCCOCCOCCOCCO)OCCOCCOCCOCCOCCOCCOCCOCCOCCOCCOCCOCCOCCOCCOCCOCCOCCOCCOCCOCCO)OCCOCCOCCOCCOCCOCCOCCOCCOCCOCCOCCOCCOCCOCCOCCOCCOCCOCCOCCOCCO
telmisartan	RMMXLENWKUUMAY-UHFFFAOYSA-N	Telmisartan	6	1	5	0	0	0.8333333331944445	1		CCCC1=NC2=C(N1CC3=CC=C(C=C3)C4=CC=CC=C4C(=O)O)C=C(C=C2C)C5=NC6=CC=CC=C6N5C
dexniguldipine	SVJMLYUFVDMUHP-MGBGTMOVSA-N	Dexniguldipine	6	0	6	0	0	0.9999999998333332	1		CC1=C([C@H](C(=C(N1)C)C(=O)OCCCN2CCC(CC2)(C3=CC=CC=C3)C4=CC=CC=C4)C5=CC(=CC=C5)[N+](=O)[O-])C(=O)OC
nimodipine	UIAGMCDKSXEBJQ-UHFFFAOYSA-N	Nimodipine	6	1	5	0	0	0.8333333331944445	1		CC1=C(C(C(=C(N1)C)C(=O)OC(C)C)C2=CC(=CC=C2)[N+](=O)[O-])C(=O)OCCOC
bromotetrandrine	VGZKGYKDQBWBNQ-ZAQUEYBZSA-N	Bromotetrandrine	6	0	6	0	0	0.9999999998333332	1		C[C@]12CC3=CC=C(C=C3)OC4=C(C=CC(=C4)C[C@]5(C6=C(CCN5C)C(=C(C(=C6OC7=C(C=C(C1=C7)CCN2C)OC)OC)OC)Br)C)OC
hesperetin	AIONOLUJZLIMTK-AWEZNQCLSA-N	Hesperetin	5	0	4	0	1	0.79999999984	1		COC1=C(C=C(C=C1)[C@@H]2CC(=O)C3=C(C=C(C=C3O2)O)O)O
MC70	ATYXTVKHMLAWBZ-UHFFFAOYSA-N	4'-((6,7-dimethoxy-3,4-dihydroisoquinolin-2(1H)-yl)methyl)-[1,1'-biphenyl]-4-ol	5	0	4	0	1	0.79999999984	1		COC1=C(C=C2CN(CCC2=C1)CC3=CC=C(C=C3)C4=CC=C(C=C4)O)OC
reversin 205	BRVAQYBFHAIYLQ-CPCREDONSA-N	Reversin 205	5	0	5	0	0	0.9999999998	1		CC(C)(C)OC(=O)N[C@@H](CCC(=O)OCC1=CC=CC=C1)C(=O)NCCCC[C@@H](C(=O)OC)NC(=O)[C@H](CCC(=O)OCC2=CC=CC=C2)NC(=O)OC(C)(C)C
osimertinib	DUYJMQONPNNFPI-UHFFFAOYSA-N	Osimertinib	5	1	4	0	0	0.79999999984	1		CN1C=C(C2=CC=CC=C21)C3=NC(=NC=C3)NC4=C(C=C(C(=C4)NC(=O)C=C)N(C)CCN(C)C)OC
velpatasvir	FHCUMDQMBHQXKK-CDIODLITSA-N	Velpatasvir	5	1	4	0	0	0.79999999984	1		C[C@H]1CC[C@H](N1C(=O)[C@H](C(C)C)NC(=O)OC)C2=NC3=C(N2)C=CC4=CC5=C(C=C43)OCC6=C5C=CC(=C6)C7=CN=C(N7)[C@@H]8C[C@@H](CN8C(=O)[C@@H](C9=CC=CC=C9)NC(=O)OC)COC
gambogic acid	GEZHEQNLKAOMCA-RRZNCOCZSA-N	Gambogic Acid	5	0	5	0	0	0.9999999998	1		CC(=CCC[C@@]1(C=CC2=C(C3=C(C(=C2O1)CC=C(C)C)O[C@@]45[C@H]6C[C@@H](C=C4C3=O)C(=O)[C@@]5(OC6(C)C)C/C=C(/C)\C(=O)O)O)C)C
phenethyl isothiocyanate	IZJDOKYDEWTZSO-UHFFFAOYSA-N	Phenethyl Isothiocyanate	5	0	5	0	0	0.9999999998	1		C1=CC=C(C=C1)CCN=C=S
thioridazine	KLBQZWRITKRQQV-UHFFFAOYSA-N	Thioridazine	5	1	4	0	0	0.79999999984	1		CN1CCCCC1CCN2C3=CC=CC=C3SC4=C2C=C(C=C4)SC
apigenin	KZNIFHPLKGYRTM-UHFFFAOYSA-N	Apigenin	5	0	5	0	0	0.9999999998	1		C1=CC(=CC=C1C2=CC(=O)C3=C(C=C(C=C3O2)O)O)O
neferine	MIBATSHDJRIUJK-ROJLCIKYSA-N	Neferine	5	1	4	0	0	0.79999999984	1		CN1CCC2=CC(=C(C=C2[C@H]1CC3=CC=C(C=C3)OC)OC4=C(C=CC(=C4)C[C@@H]5C6=CC(=C(C=C6CCN5C)OC)OC)O)OC
6-gingerol	NLDDIKRKFXEWBK-AWEZNQCLSA-N	Gingerol	5	0	5	0	0	0.9999999998	1		CCCCC[C@@H](CC(=O)CCC1=CC(=C(C=C1)O)OC)O
pluronic P123	OQNWUUGFAWNUME-UHFFFAOYSA-N	Pluronic F-127	5	0	5	0	0	0.9999999998	1		CC(COCCO)OCCO
cyclosporine-A	PMATZTZNYRCHOR-NFOUMSERSA-N	Cyclosporine A	5	0	5	0	0	0.9999999998	1		CCC1C(=O)N(CC(=O)N(C(C(=O)NC(C(=O)N(C(C(=O)NC(C(=O)N[C@@H](C(=O)N(C(C(=O)N(C(C(=O)N(C(C(=O)N(C(C(=O)N1)[C@@H]([C@H](C)C/C=C/C)O)C)C(C)C)C)CC(C)C)C)CC(C)C)C)C)C)CC(C)C)C)C(C)C)CC(C)C)C)C
ONT-093	RSJCLODJSVZNQA-BQYQJAHWSA-N	Ont-093	5	0	5	0	0	0.9999999998	1		CCOC/C=C/C1=CC=C(C=C1)C2=NC(=C(N2)C3=CC=C(C=C3)NC(C)C)C4=CC=C(C=C4)NC(C)C
chrysin	RTIXKCRFFJGDFG-UHFFFAOYSA-N	Chrysin	5	1	4	0	0	0.79999999984	1		C1=CC=C(C=C1)C2=CC(=O)C3=C(C=C(C=C3O2)O)O
roxithromycin	RXZBMPWDPOLZGW-XMRMVWPWSA-N	Roxithromycin	5	1	4	0	0	0.79999999984	1		CC[C@@H]1[C@@]([C@@H]([C@H](/C(=N/OCOCCOC)/[C@@H](C[C@@]([C@@H]([C@H]([C@@H]([C@H](C(=O)O1)C)O[C@H]2C[C@@]([C@H]([C@@H](O2)C)O)(C)OC)C)O[C@H]3[C@@H]([C@H](C[C@H](O3)C)N(C)C)O)(C)O)C)C)O)(C)O
reversin 121	SVNKEDMVAQBLLN-SVBPBHIXSA-N	Reversin 121	5	0	5	0	0	0.9999999998	1		CC(C)(C)OC(=O)[C@H](CCCCNC(=O)OCC1=CC=CC=C1)NC(=O)[C@H](CC(=O)OCC2=CC=CC=C2)NC(=O)OC(C)(C)C
SDZ 280-446	UGWMRFXIOXUDPM-XMKIREDBSA-N	Sdz 280 446	5	0	5	0	0	0.9999999998	1		CC[C@H](C)[C@H]1C(=O)NCC(=O)N([C@H](C(=O)N[C@H](C(=O)O[C@H](C(=O)N2CCCC[C@H]2C(=O)N([C@H](C(=O)N[C@H](C(=O)N([C@H](C(=O)N(C(C(=O)N1C)[C@@H](C)CC)C)CC(=O)OC(C)(C)C)C)C(C)C)C(C)C)C)C)CC3=CC=C(C=C3)OC)C(C)C)C
compound 18	UZOOIPXOYYJULJ-RHLLTPQKSA-N	(2S,3R)-3-(4-Hydroxyphenyl)-2-(4-{[(2S)-2-pyrrolidin-1-ylpropyl]oxy}phenyl)-2,3-dihydro-1,4-benzoxathiin-6-OL	5	0	4	0	1	0.79999999984	1		C[C@@H](COC1=CC=C(C=C1)[C@H]2[C@H](SC3=C(O2)C=CC(=C3)O)C4=CC=C(C=C4)O)N5CCCC5
ursolic acid	WCGUUGGRBIKTOS-GPOJBZKASA-N	Ursolic Acid	5	1	4	0	0	0.79999999984	1		C[C@@H]1CC[C@@]2(CC[C@@]3(C(=CC[C@H]4[C@]3(CC[C@@H]5[C@@]4(CC[C@@H](C5(C)C)O)C)C)[C@@H]2[C@H]1C)C)C(=O)O
1,9-dideoxyforskolin	ZKZMDXUDDJYAIB-SUCLLAFCSA-N	1,9-Dideoxyforskolin	5	0	5	0	0	0.9999999998	1		CC(=O)O[C@H]1[C@H]([C@@H]2[C@](CCCC2(C)C)([C@@H]3[C@@]1(O[C@@](CC3=O)(C)C=C)C)C)O
mangiferin	AEDDIBAIWPIIBD-ZJKJAXBQSA-N	Mangiferin	4	0	3	1	0	0.7499999998125	1		C1=C2C(=CC(=C1O)O)OC3=C(C2=O)C(=C(C(=C3)O)[C@H]4[C@@H]([C@H]([C@@H]([C@H](O4)CO)O)O)O)O
tepotinib	AHYMHWXQRWRBKT-UHFFFAOYSA-N	Tepotinib	4	1	3	0	0	0.7499999998125	1		CN1CCC(CC1)COC2=CN=C(N=C2)C3=CC=CC(=C3)CN4C(=O)C=CC(=N4)C5=CC=CC(=C5)C#N
vismodegib	BPQMGSKTAYIVFO-UHFFFAOYSA-N	Vismodegib	4	1	3	0	0	0.7499999998125	1		CS(=O)(=O)C1=CC(=C(C=C1)C(=O)NC2=CC(=C(C=C2)Cl)C3=CC=CC=N3)Cl
elbasvir	BVAZQCUMNICBAQ-PZHYSIFUSA-N	Elbasvir	4	1	3	0	0	0.7499999998125	1		CC(C)[C@@H](C(=O)N1CCC[C@H]1C2=NC=C(N2)C3=CC4=C(C=C3)N5[C@@H](OC6=C(C5=C4)C=CC(=C6)C7=CN=C(N7)[C@@H]8CCCN8C(=O)[C@H](C(C)C)NC(=O)OC)C9=CC=CC=C9)NC(=O)OC
rhinacanthin-C	CEPGYONTKGWENW-QIGLBIQCSA-N	Rhinacanthin C	4	0	3	1	0	0.7499999998125	1		C/C=C(\C)/CC/C=C(\C)/C(=O)OCC(C)(C)CC1=C(C2=CC=CC=C2C(=O)C1=O)O
CJZ3	CLIBFYCYGLVFNH-UHFFFAOYSA-N	Piperazine, 1-(bis(4-fluorophenyl)methyl)-4-((3,4-dichlorophenyl)methyl)-	4	0	3	0	1	0.7499999998125	1		C1CN(CCN1CC2=CC(=C(C=C2)Cl)Cl)C(C3=CC=C(C=C3)F)C4=CC=C(C=C4)F
melatonin	DRLFMBDRBRZALE-UHFFFAOYSA-N	Melatonin	4	0	3	1	0	0.7499999998125	1		CC(=O)NCCC1=CNC2=C1C=C(C=C2)OC
FG020326	GJPYGCXUYYSCAJ-UFFVCSGVSA-N	2-Propenoic acid, 3-(4-(4,5-bis(4-(methyl(1-methylethyl)amino)phenyl)-1H-imidazol-2-yl)phenyl)-, methyl ester, (2E)-	4	0	4	0	0	0.99999999975	1		CC(C)N(C)C1=CC=C(C=C1)C2=C(N=C(N2)C3=CC=C(C=C3)/C=C/C(=O)OC)C4=CC=C(C=C4)N(C)C(C)C
fangchinoline	IIQSJHUEZBTSAT-VMPREFPWSA-N	Fangchinoline	4	0	4	0	0	0.99999999975	1		CN1CCC2=CC(=C3C=C2[C@@H]1CC4=CC=C(C=C4)OC5=C(C=CC(=C5)C[C@H]6C7=C(O3)C(=C(C=C7CCN6C)OC)O)OC)OC
myricetin	IKMDFBPHZNJCSN-UHFFFAOYSA-N	Myricetin	4	0	4	0	0	0.99999999975	1		C1=C(C=C(C(=C1O)O)O)C2=C(C(=O)C3=C(C=C(C=C3O2)O)O)O
sinomenine	INYYVPJSBIVGPH-QHRIQVFBSA-N	Sinomenine	4	0	4	0	0	0.99999999975	1		"CN1CC[C@@]23CC(=O)C(=C[C@@H]2[C@@H]1CC4=C3C(=C(C=C4)OC)O)OC
C[NH+]1CC[C@@]23CC(=O)C(=C[C@@H]2[C@@H]1CC4=C3C(=C(C=C4)OC)[O-])OC"
hydroxyitraconazole	KHDVLIXZARJRJG-UHFFFAOYSA-N	Hydroxyitraconazole	4	0	4	0	0	0.99999999975	1		CCC(C)N1C(N(C=N1)C2=CC=C(C=C2)N3CCN(CC3)C4=CC=C(C=C4)OCC5COC(O5)(CN6C=NC=N6)C7=C(C=C(C=C7)Cl)Cl)O
NS-398	KTDZCOWXCWUPEO-UHFFFAOYSA-N	Ns-398	4	0	4	0	0	0.99999999975	1		CS(=O)(=O)NC1=C(C=C(C=C1)[N+](=O)[O-])OC2CCCCC2
parthenolide	KTEXNACQROZXEV-SLXBATTESA-N	Parthenolide	4	0	3	1	0	0.7499999998125	1		C/C/1=C\CC[C@@]2([C@@H](O2)[C@@H]3[C@@H](CC1)C(=C)C(=O)O3)C
saikosaponin D	KYWSCMDFVARMPN-LCSVLAELSA-N	Saikosaponin D	4	0	3	0	1	0.7499999998125	1		C[C@@H]1[C@@H]([C@@H]([C@H]([C@@H](O1)O[C@H]2CC[C@]3([C@H]([C@]2(C)CO)CC[C@@]4([C@@H]3C=C[C@@]56[C@]4(C[C@H]([C@@]7([C@H]5CC(CC7)(C)C)CO6)O)C)C)C)O)O[C@H]8[C@@H]([C@H]([C@@H]([C@H](O8)CO)O)O)O)O
mitragynine	LELBFTMXCIIKKX-QVRQZEMUSA-N	Mitragynine	4	0	4	0	0	0.99999999975	1		CC[C@@H]1CN2CCC3=C([C@@H]2C[C@@H]1/C(=C\OC)/C(=O)OC)NC4=C3C(=CC=C4)OC
Oroxylin A	LKOJGSWUMISDOF-UHFFFAOYSA-N	Oroxylin A	4	0	4	0	0	0.99999999975	1		COC1=C(C2=C(C=C1O)OC(=CC2=O)C3=CC=CC=C3)O
sipholenol A	LVWWPNAIMBYRKG-NXHAIPTASA-N	Sipholenol A	4	0	4	0	0	0.99999999975	1		CC1=CCC2C(CC[C@@]2(C)O)C(C1CC[C@@H]3[C@]4(CC[C@H](C(O[C@@H]4CC[C@]3(C)O)(C)C)O)C)(C)C
spironolactone	LXMSZDCAJNLERA-ZHYRCANASA-N	Spironolactone	4	0	3	1	0	0.7499999998125	1		CC(=O)S[C@@H]1CC2=CC(=O)CC[C@@]2([C@@H]3[C@@H]1[C@@H]4CC[C@]5([C@]4(CC3)C)CCC(=O)O5)C
oligomycin	MNULEGDCPYONBU-AWJDAWNUSA-N	Oligomycin	4	0	4	0	0	0.99999999975	1		CC[C@@H]\1CC[C@H]2[C@H]([C@H]([C@@H]([C@]3(O2)CC[C@@H]([C@@H](O3)C[C@@H](C)O)C)C)OC(=O)/C=C/[C@@H]([C@H]([C@@H](C(=O)[C@@H]([C@H]([C@@H](C(=O)[C@]([C@H]([C@@H](C/C=C/C=C1)C)O)(C)O)C)O)C)C)O)C)C
(R)-(+)-citronellal	NEHNMFOYXAPHSD-SNVBAGLBSA-N	6-Octenal, 3,7-dimethyl-, (3R)-	4	0	4	0	0	0.99999999975	1		C[C@H](CCC=C(C)C)CC=O
flupentixol	NJMYODHXAKYRHW-DVZOWYKESA-N	Flupentixol	4	0	3	0	1	0.7499999998125	1		C1CN(CCN1CC/C=C\2/C3=CC=CC=C3SC4=C2C=C(C=C4)C(F)(F)F)CCO
cabozantinib	ONIQOQHATWINJY-UHFFFAOYSA-N	Cabozantinib	4	0	4	0	0	0.99999999975	1		COC1=CC2=C(C=CN=C2C=C1OC)OC3=CC=C(C=C3)NC(=O)C4(CC4)C(=O)NC5=CC=C(C=C5)F
adagrasib	PEMUGDMSUDYLHU-ZEQRLZLVSA-N	Adagrasib	4	1	3	0	0	0.7499999998125	1		CN1CCC[C@H]1COC2=NC3=C(CCN(C3)C4=CC=CC5=C4C(=CC=C5)Cl)C(=N2)N6CCN([C@H](C6)CC#N)C(=O)C(=C)F
bisdemethoxycurcumin	PREBVFJICNPEKM-YDWXAUTNSA-N	Bisdemethoxycurcumin	4	0	4	0	0	0.99999999975	1		C1=CC(=CC=C1/C=C/C(=O)CC(=O)/C=C/C2=CC=C(C=C2)O)O
promethazine	PWWVAXIEGOYWEE-UHFFFAOYSA-N	Promethazine	4	0	3	0	1	0.7499999998125	1		CC(CN1C2=CC=CC=C2SC3=CC=CC=C31)N(C)C
2,6-di-O-methyl-beta-cyclodextrin	QGKBSGBYSPTPKJ-UZMKXNTCSA-N	2,6-Di-O-methyl-beta-cyclodextrin	4	0	4	0	0	0.99999999975	1		COC[C@@H]1[C@@H]2[C@@H]([C@H]([C@H](O1)O[C@@H]3[C@H](O[C@@H]([C@@H]([C@H]3O)OC)O[C@@H]4[C@H](O[C@@H]([C@@H]([C@H]4O)OC)O[C@@H]5[C@H](O[C@@H]([C@@H]([C@H]5O)OC)O[C@@H]6[C@H](O[C@@H]([C@@H]([C@H]6O)OC)O[C@@H]7[C@H](O[C@@H]([C@@H]([C@H]7O)OC)O[C@@H]8[C@H](O[C@H](O2)[C@@H]([C@H]8O)OC)COC)COC)COC)COC)COC)COC)OC)O
Compound 25	ROAMQROZNBSUQS-UHFFFAOYSA-N	[2,3-e]-1,2-thiazine-6-sulfonamide 1,1-Dioxide 1	4	0	4	0	0	0.99999999975	1		CN1C(=CC2=C(S1(=O)=O)C=C(S2)S(=O)(=O)N)CN3CCOCC3
megestrol acetate	RQZAXGRLVPAYTJ-GQFGMJRRSA-N	Megestrol Acetate	4	0	3	0	1	0.7499999998125	1		CC1=C[C@@H]2[C@H](CC[C@]3([C@H]2CC[C@@]3(C(=O)C)OC(=O)C)C)[C@@]4(C1=CC(=O)CC4)C
auraptene	RSDDHGSKLOSQFK-RVDMUPIBSA-N	Auraptene	4	0	3	1	0	0.7499999998125	1		CC(=CCC/C(=C/COC1=CC2=C(C=C1)C=CC(=O)O2)/C)C
XR9051	RTIZZWMBGKGLFO-YWQXDYITSA-N	3-[(Z)-[(5Z)-5-benzylidene-4-methyl-3,6-dioxopiperazin-2-ylidene]methyl]-N-[4-[2-(6,7-dimethoxy-3,4-dihydro-1H-isoquinolin-2-yl)ethyl]phenyl]benzamide	4	0	4	0	0	0.99999999975	1		CN1/C(=C\C2=CC=CC=C2)/C(=O)N/C(=C\C3=CC(=CC=C3)C(=O)NC4=CC=C(C=C4)CCN5CCC6=CC(=C(C=C6C5)OC)OC)/C1=O
esomeprazole	SUBDBMMJDZJVOS-DEOSSOPVSA-N	Esomeprazole	4	0	3	0	1	0.7499999998125	1		CC1=CN=C(C(=C1OC)C)C[S@](=O)C2=NC3=C(N2)C=C(C=C3)OC
norverapamil	UPKQNCPKPOLASS-UHFFFAOYSA-N	Norverapamil	4	0	4	0	0	0.99999999975	1		CC(C)C(CCCNCCC1=CC(=C(C=C1)OC)OC)(C#N)C2=CC(=C(C=C2)OC)OC
prochlorperazine	WIKYUJGCLQQFNW-UHFFFAOYSA-N	Prochlorperazine	4	0	4	0	0	0.99999999975	1		CN1CCN(CC1)CCCN2C3=CC=CC=C3SC4=C2C=C(C=C4)Cl
psoralen	ZCCUUQDIBDJBTK-UHFFFAOYSA-N	Psoralen	4	0	3	0	1	0.7499999998125	1		C1=CC(=O)OC2=CC3=C(C=CO3)C=C21
pentamethylquercetin	ALGDHWVALRSLBT-UHFFFAOYSA-N	Pentamethylquercetin	3	0	3	0	0	0.9999999996666666	1		COC1=C(C=C(C=C1)C2=C(C(=O)C3=C(O2)C=C(C=C3OC)OC)OC)OC
Dihydroartemisinin	BJDCWCLMFKKGEE-ISOSDAIHSA-N	Artenimol	3	0	3	0	0	0.9999999996666666	1		C[C@@H]1CC[C@H]2[C@H]([C@H](O[C@H]3[C@@]24[C@H]1CC[C@](O3)(OO4)C)O)C
SB203580	CDMGBJANTYXAIV-UHFFFAOYSA-N	SB 203580	3	0	3	0	0	0.9999999996666666	1		CS(=O)C1=CC=C(C=C1)C2=NC(=C(N2)C3=CC=NC=C3)C4=CC=C(C=C4)F
berbamine	DFOCUWZXJBAUSQ-URLMMPGGSA-N	Berbamine	3	0	3	0	0	0.9999999996666666	1		CN1CCC2=CC(=C3C=C2[C@@H]1CC4=CC=C(C=C4)OC5=C(C=CC(=C5)C[C@@H]6C7=C(O3)C(=C(C=C7CCN6C)OC)OC)O)OC
lonafarnib	DHMTURDWPRKSOA-RUZDIDTESA-N	Lonafarnib	3	0	3	0	0	0.9999999996666666	1		C1CN(CCC1CC(=O)N2CCC(CC2)[C@@H]3C4=C(CCC5=C3N=CC(=C5)Br)C=C(C=C4Br)Cl)C(=O)N
stemofoline	DTVYAHOULQCSMS-JQANZLKUSA-N	Stemofoline	3	0	3	0	0	0.9999999996666666	1		CCCC[C@]12[C@H]3C[C@@H]4N1CCC2[C@@]5([C@@H]4[C@@H](/C(=C/6\C(=C(C(=O)O6)C)OC)/O5)C)O3
artesunate	FIHJKUPKCHIPAT-AHIGJZGOSA-N	Artesunate	3	0	3	0	0	0.9999999996666666	1		C[C@@H]1CC[C@H]2[C@H]([C@@H](O[C@H]3[C@@]24[C@H]1CC[C@](O3)(OO4)C)OC(=O)CCC(=O)O)C
estramustine	FRPJXPJMRWBBIH-RBRWEJTLSA-N	Estramustine	3	0	3	0	0	0.9999999996666666	1		C[C@]12CC[C@H]3[C@H]([C@@H]1CC[C@@H]2O)CCC4=C3C=CC(=C4)OC(=O)N(CCCl)CCCl
diosmin	GZSOSUNBTXMUFQ-YFAPSIMESA-N	Diosmin	3	0	3	0	0	0.9999999996666666	1		C[C@H]1[C@@H]([C@H]([C@H]([C@@H](O1)OC[C@@H]2[C@H]([C@@H]([C@H]([C@@H](O2)OC3=CC(=C4C(=C3)OC(=CC4=O)C5=CC(=C(C=C5)OC)O)O)O)O)O)O)O)O
acetyl-11-keto-beta-boswellic acid	HMMGKOVEOFBCAU-BCDBGHSCSA-N	3-ACETYL-11-KETO-beta-BOSWELLIC ACID	3	0	3	0	0	0.9999999996666666	1		C[C@@H]1CC[C@@]2(CC[C@@]3(C(=CC(=O)[C@H]4[C@]3(CC[C@@H]5[C@@]4(CC[C@H]([C@]5(C)C(=O)O)OC(=O)C)C)C)[C@@H]2[C@H]1C)C)C
FM04	JIFJFNBTQSCGBM-UHFFFAOYSA-N	2-[4-[2-[2-(Benzylamino)ethoxy]ethoxy]phenyl]chromen-4-one	3	0	3	0	0	0.9999999996666666	1		C1=CC=C(C=C1)CNCCOCCOC2=CC=C(C=C2)C3=CC(=O)C4=CC=CC=C4O3
reversan	JTRXWCLQFAZHGP-UHFFFAOYSA-N	Reversan	3	0	3	0	0	0.9999999996666666	1		C1COCCN1CCCNC(=O)C2=C3N=C(C=C(N3N=C2)C4=CC=CC=C4)C5=CC=CC=C5
phyllanthin	KFLQGJQSLUYUBF-PMACEKPBSA-N	Phyllanthin	3	0	3	0	0	0.9999999996666666	1		COC[C@H](CC1=CC(=C(C=C1)OC)OC)[C@@H](CC2=CC(=C(C=C2)OC)OC)COC
cinchonine	KMPWYEUPVWOPIM-QAMTZSDWSA-N	Cinchonine	3	0	3	0	0	0.9999999996666666	1		C=C[C@H]1CN2CC[C@H]1C[C@@H]2[C@H](C3=CC=NC4=CC=CC=C34)O
gallic acid	LNTHITQWFMADLM-UHFFFAOYSA-N	Gallic Acid	3	0	3	0	0	0.9999999996666666	1		"C1=C(C=C(C(=C1O)O)O)C(=O)O
[H+].C1=C(C=C(C(=C1O)[O-])O)C(=O)O"
tannic acid	LRBQNJMCXXYXIU-PPKXGCFTSA-N	Tannic Acid	3	0	3	0	0	0.9999999996666666	1		C1=C(C=C(C(=C1O)O)O)C(=O)OC2=CC(=CC(=C2O)O)C(=O)OC[C@@H]3[C@H]([C@@H]([C@H]([C@@H](O3)OC(=O)C4=CC(=C(C(=C4)OC(=O)C5=CC(=C(C(=C5)O)O)O)O)O)OC(=O)C6=CC(=C(C(=C6)OC(=O)C7=CC(=C(C(=C7)O)O)O)O)O)OC(=O)C8=CC(=C(C(=C8)OC(=O)C9=CC(=C(C(=C9)O)O)O)O)O)OC(=O)C1=CC(=C(C(=C1)OC(=O)C1=CC(=C(C(=C1)O)O)O)O)O
Compound 26	MBCJUIJWPYUEBX-UHFFFAOYSA-N	N-[[2-(4-amino-1,2,5-oxadiazol-3-yl)-1-ethylimidazo[5,4-d]pyridin-7-yl]methyl]piperidin-4-amine	3	0	3	0	0	0.9999999996666666	1		CCN1C2=C(C=NC=C2CNC3CCNCC3)N=C1C4=NON=C4N
β-caryophyllene oxide	NVEQFIOZRFFVFW-RGCMKSIDSA-N	beta-CARYOPHYLLENE OXIDE	3	0	3	0	0	0.9999999996666666	1		C[C@@]12CC[C@@H]3[C@H](CC3(C)C)C(=C)CC[C@H]1O2
PAK-104P	PFKHLXIJSNUZDT-KAYWLYCHSA-N	2-(4-benzhydrylpiperazin-1-yl)ethyl 5-[(4R,6R)-4,6-dimethyl-2-oxo-1,3,2lambda5-dioxaphosphinan-2-yl]-2,6-dimethyl-4-(3-nitrophenyl)pyridine-3-carboxylate	3	0	3	0	0	0.9999999996666666	1		C[C@@H]1C[C@H](OP(=O)(O1)C2=C(C(=C(N=C2C)C)C(=O)OCCN3CCN(CC3)C(C4=CC=CC=C4)C5=CC=CC=C5)C6=CC(=CC=C6)[N+](=O)[O-])C
CP100356	PPMZZFZYBXDSRH-UHFFFAOYSA-N	CP 100356	3	0	3	0	0	0.9999999996666666	1		COC1=C(C=C(C=C1)CCNC2=NC3=CC(=C(C=C3C(=N2)N4CCC5=CC(=C(C=C5C4)OC)OC)OC)OC)OC
trans-3,5,3',4'-tetramethoxystilbene	PTVAOGIYBMTHSN-AATRIKPKSA-N	(E)-3,3',4,5'-Tetramethoxystilbene	3	0	3	0	0	0.9999999996666666	1		COC1=C(C=C(C=C1)/C=C/C2=CC(=CC(=C2)OC)OC)OC
lanreotide	PUDHBTGHUJUUFI-SCTWWAJVSA-N	Lanreotide	3	0	3	0	0	0.9999999996666666	1		C[C@H]([C@@H](C(=O)N)NC(=O)[C@@H]1CSSC[C@@H](C(=O)N[C@H](C(=O)N[C@@H](C(=O)N[C@H](C(=O)N[C@H](C(=O)N1)C(C)C)CCCCN)CC2=CNC3=CC=CC=C32)CC4=CC=C(C=C4)O)NC(=O)[C@@H](CC5=CC6=CC=CC=C6C=C5)N)O
macelignan	QDDILOVMGWUNGD-UONOGXRCSA-N	Macelignan	3	0	3	0	0	0.9999999996666666	1		C[C@H](CC1=CC2=C(C=C1)OCO2)[C@@H](C)CC3=CC(=C(C=C3)O)OC
carnosic acid	QRYRORQUOLYVBU-VBKZILBWSA-N	Carnosic Acid	3	0	3	0	0	0.9999999996666666	1		CC(C)C1=C(C(=C2C(=C1)CC[C@@H]3[C@@]2(CCCC3(C)C)C(=O)O)O)O
PK11195	RAVIZVQZGXBOQO-UHFFFAOYSA-N	PK 11195	3	0	3	0	0	0.9999999996666666	1		CCC(C)N(C)C(=O)C1=CC2=CC=CC=C2C(=N1)C3=CC=CC=C3Cl
CEP-33779	RFZKSQIFOZZIAQ-UHFFFAOYSA-N	N-(3-(4-methylpiperazin-1-yl)phenyl)-8-(4-(methylsulfonyl)phenyl)-[1,2,4]triazolo[1,5-a]pyridin-2-amine	3	0	3	0	0	0.9999999996666666	1		CN1CCN(CC1)C2=CC=CC(=C2)NC3=NN4C=CC=C(C4=N3)C5=CC=C(C=C5)S(=O)(=O)C
Compound 24	SOEIDCOJJGHLKZ-UHFFFAOYSA-N	Nav1.7 blocker 24	3	0	3	0	0	0.9999999996666666	1		CC1=C(C(=NO1)C2=C(C=CC=C2Cl)Cl)CC(=O)NCC3=CN=C(C=C3)OCC(F)(F)F
3,3',4',5,6,7,8-heptamethoxyflavone	SSXJHQZOHUYEGD-UHFFFAOYSA-N	3,5,6,7,8,3',4'-Heptamethphoxyflavone	3	0	3	0	0	0.9999999996666666	1		COC1=C(C=C(C=C1)C2=C(C(=O)C3=C(O2)C(=C(C(=C3OC)OC)OC)OC)OC)OC
demethoxycurcumin	UEPVWRDHSPMIAZ-IZTHOABVSA-N	Demethoxycurcumin	3	0	3	0	0	0.9999999996666666	1		COC1=C(C=CC(=C1)/C=C/C(=C/C(=O)/C=C/C2=CC=C(C=C2)O)/O)O
dioscin	VNONINPVFQTJOC-ZGXDEBHDSA-N	Dioscin	3	0	3	0	0	0.9999999996666666	1		C[C@@H]1CC[C@@]2([C@H]([C@H]3[C@@H](O2)C[C@@H]4[C@@]3(CC[C@H]5[C@H]4CC=C6[C@@]5(CC[C@@H](C6)O[C@H]7[C@@H]([C@H]([C@@H]([C@H](O7)CO)O[C@H]8[C@@H]([C@@H]([C@H]([C@@H](O8)C)O)O)O)O)O[C@H]9[C@@H]([C@@H]([C@H]([C@@H](O9)C)O)O)O)C)C)C)OC1
conferone	VPAXJOUATWLOPR-UHFFFAOYSA-N	Conferone	3	0	3	0	0	0.9999999996666666	1		CC1=CCC2C(C(=O)CCC2(C1COC3=CC4=C(C=C3)C=CC(=O)O4)C)(C)C
desethylamiodarone	VXOKDLACQICQFA-UHFFFAOYSA-N	Desethylamiodarone	3	0	3	0	0	0.9999999996666666	1		CCCCC1=C(C2=CC=CC=C2O1)C(=O)C3=CC(=C(C(=C3)I)OCCNCC)I
perfluorooctane sulfonate	YFSUTJLHUFNCNZ-UHFFFAOYSA-N	Perfluorooctanesulfonic acid	3	0	3	0	0	0.9999999996666666	1		C(C(C(C(C(F)(F)S(=O)(=O)O)(F)F)(F)F)(F)F)(C(C(C(F)(F)F)(F)F)(F)F)(F)F
rilpivirine	YIBOMRUWOWDFLG-ONEGZZNKSA-N	Rilpivirine	3	0	3	0	0	0.9999999996666666	1		CC1=CC(=CC(=C1NC2=NC(=NC=C2)NC3=CC=C(C=C3)C#N)C)/C=C/C#N
JC-1	XKWQNWOHLZAFPS-UHFFFAOYSA-N	Xkwqnwohlzafps-uhfffaoysa-	8	8	0	0	0	0.0	0	substrate_count	"CCN1C2=CC(=C(C=C2[N+](=C1C=CC=C3N(C4=CC(=C(C=C4N3CC)Cl)Cl)CC)CC)Cl)Cl
CCN1C2=CC(=C(C=C2[N+](=C1/C=C/C=C3N(C4=CC(=C(C=C4N3CC)Cl)Cl)CC)CC)Cl)Cl
CCN1C2=CC(=C(C=C2[N+](=C1/C=C\C=C3N(C4=CC(=C(C=C4N3CC)Cl)Cl)CC)CC)Cl)Cl"
dabigatran etexilate	KSGXQBZTULBEEQ-UHFFFAOYSA-N	Dabigatran Etexilate	35	35	0	0	0	0.0	0	substrate_count	"CCCCCCOC(=O)N=C(C1=CC=C(C=C1)NCC2=NC3=C(N2C)C=CC(=C3)C(=O)N(CCC(=O)OCC)C4=CC=CC=N4)N
CCCCCCOC(=O)/N=C(/C1=CC=C(C=C1)NCC2=NC3=C(N2C)C=CC(=C3)C(=O)N(CCC(=O)OCC)C4=CC=CC=N4)\N
CCCCCCOC(=O)/N=C(\C1=CC=C(C=C1)NCC2=NC3=C(N2C)C=CC(=C3)C(=O)N(CCC(=O)OCC)C4=CC=CC=N4)/N
CCCCCCOC(=O)NC(=N)C1=CC=C(C=C1)NCC2=NC3=C(N2C)C=CC(=C3)C(=O)N(CCC(=O)OCC)C4=CC=CC=N4"
vindesine	HHJUWIANJFBDHT-ZVTSDNJWSA-N	Vindesine	8	6	0	2	0	0.0	0	substrate_count	CC[C@@]1(C[C@H]2C[C@@](C3=C(CCN(C2)C1)C4=CC=CC=C4N3)(C5=C(C=C6C(=C5)[C@]78CCN9[C@H]7[C@@](C=CC9)([C@H]([C@@]([C@@H]8N6C)(C(=O)N)O)O)CC)OC)C(=O)OC)O
riluzole	FTALBRSUTCGOEG-UHFFFAOYSA-N	Riluzole	4	4	0	0	0	0.0	0	substrate_count	C1=CC2=C(C=C1OC(F)(F)F)SC(=N2)N
raloxifene	GZUITABIAKMVPG-UHFFFAOYSA-N	Raloxifene	5	2	1	0	2	0.19999999996	0	substrate_count	C1CCN(CC1)CCOC2=CC=C(C=C2)C(=O)C3=C(SC4=C3C=CC(=C4)O)C5=CC=C(C=C5)O
pregnenolone 16alpha-carbonitrile	VSBHRRMYCDQLJF-ZDNYCOCVSA-N	Pregnenolone Carbonitrile	3	0	0	3	0	0.0	0	inducer_count	CC(=O)[C@H]1[C@@H](C[C@@H]2[C@@]1(CC[C@H]3[C@H]2CC=C4[C@@]3(CC[C@@H](C4)O)C)C)C#N
venlafaxine	PNVNVHUZROJLTJ-UHFFFAOYSA-N	Venlafaxine	8	4	2	2	0	0.24999999996875	0	substrate_count	CN(C)CC(C1=CC=C(C=C1)OC)C2(CCCCC2)O
tipranavir	SUJUHGSWHZTSEU-FYBSXPHGSA-N	Tipranavir	5	2	1	1	1	0.19999999996	0	substrate_count	CCC[C@]1(CC(=C(C(=O)O1)[C@H](CC)C2=CC(=CC=C2)NS(=O)(=O)C3=NC=C(C=C3)C(F)(F)F)O)CCC4=CC=CC=C4
risperidone	RAPZEAPATHNIPO-UHFFFAOYSA-N	Risperidone	29	22	6	0	1	0.2068965517170035	0	substrate_count	CC1=C(C(=O)N2CCCCC2=N1)CCN3CCC(CC3)C4=NOC5=C4C=CC(=C5)F
azidopine	SWMHKFTXBOJETC-UHFFFAOYSA-N	Azidopine	48	19	1	0	28	0.0208333333328993	0	other_count	CCOC(=O)C1=C(NC(=C(C1C2=CC=CC=C2C(F)(F)F)C(=O)OCCNC(=O)C3=CC=C(C=C3)N=[N+]=[N-])C)C
valproic acid	NIJJYAXOARWZEE-UHFFFAOYSA-N	Valproic Acid	9	1	2	4	2	0.2222222221975308	0	inducer_count	CCCC(CCC)C(=O)O
coptisine	XYHOBCMEDLZUMP-UHFFFAOYSA-N	Coptisine	5	2	1	2	0	0.19999999996	0	substrate_count	C1C[N+]2=C(C=C3C=CC4=C(C3=C2)OCO4)C5=CC6=C(C=C51)OCO6
3'-azido-3'-deoxythymidine	HBOMLICNUCNMMY-XLPZGREQSA-N	Zidovudine	10	8	0	1	1	0.0	0	substrate_count	CC1=CN(C(=O)NC1=O)[C@H]2C[C@@H]([C@H](O2)CO)N=[N+]=[N-]
dehydrothyrsiferol	ZAFALSYXVNIPJK-LGGVQCJHSA-N	Dehydrothyrsiferol	3	0	0	0	3	0.0	0	other_count	C[C@]12CC[C@@H](O[C@@H]1CC[C@@H](O2)C(=C)CC[C@@H]([C@]3(CC[C@@H](O3)C(C)(C)O)C)O)[C@@]4(CC[C@H](C(O4)(C)C)Br)C
Aβ42	DZHSAHHDTRWUTF-SIQRNXPUSA-N	AspAlaGluPheArgHisAspSerGlyTyrGluValHisHisGlnLysLeuValPhePheAlaGluAspValGlySerAsnLysGlyAlaIleIleGlyLeuMetValGlyGlyValValIleAla	4	3	0	0	1	0.0	0	substrate_count	"CC[C@H](C)[C@@H](C(=O)N[C@@H]([C@@H](C)CC)C(=O)NCC(=O)N[C@@H](CC(C)C)C(=O)N[C@@H](CCSC)C(=O)N[C@@H](C(C)C)C(=O)NCC(=O)NCC(=O)N[C@@H](C(C)C)C(=O)N[C@@H](C(C)C)C(=O)N[C@@H]([C@@H](C)CC)C(=O)N[C@@H](C)C(=O)O)NC(=O)[C@H](C)NC(=O)CNC(=O)[C@H](CCCCN)NC(=O)[C@H](CC(=O)N)NC(=O)[C@H](CO)NC(=O)CNC(=O)[C@H](C(C)C)NC(=O)[C@H](CC(=O)O)NC(=O)[C@H](CCC(=O)O)NC(=O)[C@H](C)NC(=O)[C@H](CC1=CC=CC=C1)NC(=O)[C@H](CC2=CC=CC=C2)NC(=O)[C@H](C(C)C)NC(=O)[C@H](CC(C)C)NC(=O)[C@H](CCCCN)NC(=O)[C@H](CCC(=O)N)NC(=O)[C@H](CC3=CN=CN3)NC(=O)[C@H](CC4=CN=CN4)NC(=O)[C@H](C(C)C)NC(=O)[C@H](CCC(=O)O)NC(=O)[C@H](CC5=CC=C(C=C5)O)NC(=O)CNC(=O)[C@H](CO)NC(=O)[C@H](CC(=O)O)NC(=O)[C@H](CC6=CN=CN6)NC(=O)[C@H](CCCNC(=N)N)NC(=O)[C@H](CC7=CC=CC=C7)NC(=O)[C@H](CCC(=O)O)NC(=O)[C@H](C)NC(=O)[C@H](CC(=O)O)N
CC[C@H](C)[C@@H](C(=O)N[C@@H]([C@@H](C)CC)C(=O)NCC(=O)N[C@@H](CC(C)C)C(=O)N[C@@H](CCSC)C(=O)N[C@@H](C(C)C)C(=O)NCC(=O)NCC(=O)N[C@@H](C(C)C)C(=O)N[C@@H](C(C)C)C(=O)N[C@@H]([C@@H](C)CC)C(=O)N[C@@H](C)C(=O)O)NC(=O)[C@H](C)NC(=O)CNC(=O)[C@H](CCCCN)NC(=O)[C@H](CC(=O)N)NC(=O)[C@H](CO)NC(=O)CNC(=O)[C@H](C(C)C)NC(=O)[C@H](CC(=O)O)NC(=O)[C@H](CCC(=O)O)NC(=O)[C@H](C)NC(=O)[C@H](CC1=CC=CC=C1)NC(=O)[C@H](CC2=CC=CC=C2)NC(=O)[C@H](C(C)C)NC(=O)[C@H](CC(C)C)NC(=O)[C@H](CCCCN)NC(=O)[C@H](CCC(=O)N)NC(=O)[C@H](CC3=CNC=N3)NC(=O)[C@H](CC4=CNC=N4)NC(=O)[C@H](C(C)C)NC(=O)[C@H](CCC(=O)O)NC(=O)[C@H](CC5=CC=C(C=C5)O)NC(=O)CNC(=O)[C@H](CO)NC(=O)[C@H](CC(=O)O)NC(=O)[C@H](CC6=CNC=N6)NC(=O)[C@H](CCCNC(=N)N)NC(=O)[C@H](CC7=CC=CC=C7)NC(=O)[C@H](CCC(=O)O)NC(=O)[C@H](C)NC(=O)[C@H](CC(=O)O)N"
clioquinol	QCDFBFJGMNKBDO-UHFFFAOYSA-N	Clioquinol	3	0	0	3	0	0.0	0	inducer_count	C1=CC2=C(C(=C(C=C2Cl)I)O)N=C1
hypericin	BTXNYTINYBABQR-UHFFFAOYSA-N	Hypericin	7	0	2	4	1	0.2857142856734694	0	inducer_count	CC1=CC(=C2C3=C4C5=C(C(=CC(=C5C2=O)O)O)C6=C7C4=C8C(=C13)C(=CC(=C8C(=O)C7=C(C=C6O)O)O)C)O
Fura-2	YFHXZQPUBCBNIP-UHFFFAOYSA-N	Fura-2	3	3	0	0	0	0.0	0	substrate_count	CC1=CC(=C(C=C1)N(CC(=O)O)CC(=O)O)OCCOC2=C(C=C3C(=C2)C=C(O3)C4=NC=C(O4)C(=O)O)N(CC(=O)O)CC(=O)O
tunicamycin	VYEWZWBILJHHCU-OMQUDAQFSA-N	Tunicamycin	10	0	1	1	8	0.09999999999	0	other_count	CC(C)C/C=C/C(=O)N[C@@H]1[C@H]([C@H]([C@H](O[C@H]1O[C@@H]2[C@@H]([C@H]([C@@H]([C@H](O2)CO)N)O)NC(=O)C)CC([C@@H]3[C@H]([C@H]([C@@H](O3)N4C=CC(=O)NC4=O)O)O)O)O)O
paeoniflorin	YKRGDOXKVOZESV-QYDSDWLYSA-N	Paeoniflorin	5	5	0	0	0	0.0	0	substrate_count	C[C@]12C[C@@]3([C@H]4C[C@@]1([C@@]4([C@H](O2)O3)COC(=O)C5=CC=CC=C5)O[C@H]6[C@@H]([C@H]([C@@H]([C@H](O6)CO)O)O)O)O
clopidogrel	GKTWGGQPFAXNFI-HNNXBMFYSA-N	Clopidogrel	36	35	0	0	1	0.0	0	substrate_count	COC(=O)[C@H](C1=CC=CC=C1Cl)N2CCC3=C(C2)C=CS3
roscovitine	BTIHMVBBUGXLCJ-OAHLLOKOSA-N	Roscovitine	4	3	0	1	0	0.0	0	substrate_count	CC[C@H](CO)NC1=NC(=C2C(=N1)N(C=N2)C(C)C)NCC3=CC=CC=C3
almonertinib	DOEOECWDNSEFDN-UHFFFAOYSA-N	Aumolertinib	4	2	1	0	1	0.2499999999375	0	substrate_count	CN(C)CCN(C)C1=CC(=C(C=C1NC(=O)C=C)NC2=NC=CC(=N2)C3=CN(C4=CC=CC=C43)C5CC5)OC
4-hydroxytamoxifen	TXUZVZSFRXZGTL-QPLCGJKRSA-N	4-Hydroxytamoxifen	4	3	1	0	0	0.2499999999375	0	substrate_count	CC/C(=C(\C1=CC=C(C=C1)O)/C2=CC=C(C=C2)OCCN(C)C)/C3=CC=CC=C3
zinc	HCHKCACWOHOZIP-UHFFFAOYSA-N	Zinc	4	0	0	4	0	0.0	0	inducer_count	[Zn]
endoxifen	MHJBZVSGOZTKRH-IZHYLOQSSA-N	Endoxifen	4	4	0	0	0	0.0	0	substrate_count	CC/C(=C(\C1=CC=C(C=C1)O)/C2=CC=C(C=C2)OCCNC)/C3=CC=CC=C3
SN-38	FJHBVJOVLFPMQE-QFIPXVFZSA-N	7-Ethyl-10-hydroxycamptothecin	19	15	0	2	2	0.0	0	substrate_count	CCC1=C2CN3C(=CC4=C(C3=O)COC(=O)[C@@]4(CC)O)C2=NC5=C1C=C(C=C5)O
sodium butyrate	FERIUCNNQQJTOY-UHFFFAOYSA-M	Butanoate	11	0	0	10	1	0.0	0	inducer_count	CCCC(=O)[O-]
midazolam	DDLIGBOFAVUZHB-UHFFFAOYSA-N	Midazolam	14	10	2	1	1	0.1428571428469387	0	substrate_count	CC1=NC=C2N1C3=C(C=C(C=C3)Cl)C(=NC2)C4=CC=CC=C4F
pravastatin	TUZYXOIXSAXUGO-PZAWKZKUSA-N	Pravastatin	8	3	2	0	3	0.24999999996875	0	substrate_count	CC[C@H](C)C(=O)O[C@H]1C[C@@H](C=C2[C@H]1[C@H]([C@H](C=C2)C)CC[C@H](C[C@H](CC(=O)O)O)O)O
sulpiride	BGRJTUBHPOOWDU-UHFFFAOYSA-N	Sulpiride	5	5	0	0	0	0.0	0	substrate_count	CCN1CCCC1CNC(=O)C2=C(C=CC(=C2)S(=O)(=O)N)OC
quetiapine	URKOMYMAXPYINW-UHFFFAOYSA-N	Quetiapine	8	5	1	0	2	0.124999999984375	0	substrate_count	C1CN(CCN1CCOCCO)C2=NC3=CC=CC=C3SC4=CC=CC=C42
globotriaosylceramide	HFQKBOPMAOTAIR-TZSVBWBLSA-N	Globotriaosylceramide	3	0	0	1	2	0.0	0	other_count	CCCCCCCCCCCCC/C=C/[C@H]([C@H](CO[C@H]1[C@@H]([C@H]([C@@H]([C@H](O1)CO)O[C@H]2[C@@H]([C@H]([C@H]([C@H](O2)CO)O[C@@H]3[C@@H]([C@H]([C@H]([C@H](O3)CO)O)O)O)O)O)O)O)NC(=O)C)O
cytosine arabinoside	UHDGCWIWMRVCDJ-CCXZUQQUSA-N	Cytarabine	11	6	0	2	3	0.0	0	substrate_count	C1=CN(C(=O)N=C1N)[C@H]2[C@H]([C@@H]([C@H](O2)CO)O)O
metoclopramide	TTWJBBZEZQICBI-UHFFFAOYSA-N	Metoclopramide	4	4	0	0	0	0.0	0	substrate_count	CCN(CC)CCNC(=O)C1=CC(=C(C=C1OC)N)Cl
temozolomide	BPEGJWRSRHCHSN-UHFFFAOYSA-N	Temozolomide	12	5	3	3	1	0.2499999999791666	0	substrate_count	CN1C(=O)N2C=NC(=C2N=N1)C(=O)N
ifosfamide	HOMGKSMUEGBAAB-UHFFFAOYSA-N	Ifosfamide	3	0	0	1	2	0.0	0	other_count	C1CN(P(=O)(OC1)NCCCl)CCCl
phosphatidylcholine	ZZWQHNRGJQENEP-KXQOOQHDSA-N	Phosphatidylcholine	11	10	1	0	0	0.0909090909008264	0	substrate_count	CCCCCCCCCCCCCCSCC(=O)OC[C@H](COP(=O)([O-])OCC[N+](C)(C)C)OC(=O)CSCCCCCCCCCCCCCC
naloxone	UZHSEJADLWPNLE-GRGSLBFTSA-N	Naloxone	3	0	0	0	3	0.0	0	other_count	C=CCN1CC[C@]23[C@@H]4C(=O)CC[C@]2([C@H]1CC5=C3C(=C(C=C5)O)O4)O
ouabain	LPMXVESGRSUGHW-HBYQJFLCSA-N	Ouabain	3	1	0	2	0	0.0	0	inducer_count	C[C@H]1[C@@H]([C@H]([C@H]([C@@H](O1)O[C@H]2C[C@H]([C@@]3([C@@H]4[C@@H](CC[C@@]3(C2)O)[C@]5(CC[C@@H]([C@]5(C[C@H]4O)C)C6=CC(=O)OC6)O)CO)O)O)O)O
losartan	PSIFNNKUMBGKDQ-UHFFFAOYSA-N	Losartan	12	11	1	0	0	0.0833333333263888	0	substrate_count	CCCCC1=NC(=C(N1CC2=CC=C(C=C2)C3=CC=CC=C3C4=NNN=N4)CO)Cl
triptolide	DFBIRQPKNDILPW-CIVMWXNOSA-N	Triptolide	12	7	3	0	2	0.2499999999791666	0	substrate_count	CC(C)[C@@]12[C@@H](O1)[C@H]3[C@@]4(O3)[C@]5(CCC6=C([C@@H]5C[C@H]7[C@]4([C@@H]2O)O7)COC6=O)C
ponatinib	PHXJVRSECIGDHY-UHFFFAOYSA-N	Ponatinib	8	3	2	0	3	0.24999999996875	0	substrate_count	CC1=C(C=C(C=C1)C(=O)NC2=CC(=C(C=C2)CN3CCN(CC3)C)C(F)(F)F)C#CC4=CN=C5N4N=CC=C5
T0901317	SGIWFELWJPNFDH-UHFFFAOYSA-N	N-(2,2,2-Trifluoroethyl)-N-{4-[2,2,2-trifluoro-1-hydroxy-1-(trifluoromethyl)ethyl]phenyl}benzenesulfonamide	3	0	0	2	1	0.0	0	inducer_count	C1=CC=C(C=C1)S(=O)(=O)N(CC(F)(F)F)C2=CC=C(C=C2)C(C(F)(F)F)(C(F)(F)F)O
colchicine	IAKHMKGGTNLKSZ-INIZCTEOSA-N	Colchicine	135	117	9	6	3	0.0666666666661728	0	substrate_count	CC(=O)N[C@H]1CCC2=CC(=C(C(=C2C3=CC=C(C(=O)C=C13)OC)OC)OC)OC
carbamazepine-10,11-epoxide	ZRWWEEVEIOGMMT-UHFFFAOYSA-N	Carbamazepine epoxide	4	4	0	0	0	0.0	0	substrate_count	C1=CC=C2C(=C1)C3C(O3)C4=CC=CC=C4N2C(=O)N
dihydrotestosterone	NVKAWKQGWWIWPM-ABEVXSGRSA-N	Dihydrotestosterone	4	3	0	1	0	0.0	0	substrate_count	C[C@]12CCC(=O)C[C@@H]1CC[C@@H]3[C@@H]2CC[C@]4([C@H]3CC[C@@H]4O)C
BODIPY-vinblastine	ZFBABKNIHVHQBA-DSNSIIFISA-N	BODIPY-vinblastine	4	4	0	0	0	0.0	0	substrate_count	[B-]1(N2C(=CC(=C2C=C3[N+]1=C(C=C3)CCC(=O)OC4[C@@]5(C=CCN6[C@@H]5[C@]7(CC6)[C@H]([C@]4(C(=O)OC)O)N(C8=CC(=C(C=C78)[C@]9(CC1C[C@](CN(C1)CCC1=C9NC2=C1C=CCC2)(CC)O)C(=O)OC)OC)C)CC)C)C)(F)F
coelenterazine	LNCOEGVEEQDKGX-UHFFFAOYSA-N	Coelenterazine	3	3	0	0	0	0.0	0	substrate_count	C1=CC=C(C=C1)CC2=NC(=CN3C2=NC(=C3O)CC4=CC=C(C=C4)O)C5=CC=C(C=C5)O
glyburide	ZNNLBTZKUZBEKO-UHFFFAOYSA-N	Glyburide	11	9	2	0	0	0.1818181818016528	0	substrate_count	COC1=C(C=C(C=C1)Cl)C(=O)NCCC2=CC=C(C=C2)S(=O)(=O)NC(=O)NC3CCCCC3
hydrogen peroxide	MHAJPDPJQMAIIY-UHFFFAOYSA-N	Hydrogen Peroxide	8	0	1	2	5	0.124999999984375	0	other_count	"OO
[H+].O[O-]"
Flutax-2	PGOSVWLSFOGNCE-LIESBUPCSA-N	Flutax 2	3	3	0	0	0	0.0	0	substrate_count	CC1=C2[C@H](C(=O)[C@@]3([C@H](C[C@@H]4[C@]([C@H]3[C@@H]([C@@](C2(C)C)(C[C@@H]1OC(=O)[C@@H]([C@H](C5=CC=CC=C5)NC(=O)C6=CC=CC=C6)O)O)OC(=O)C7=CC=CC=C7)(CO4)OC(=O)C)OC(=O)[C@H](C)NC(=O)C8=CC9=C(C=C8)C1(C2=CC(=C(C=C2OC2=CC(=C(C=C21)F)O)O)F)OC9=O)C)OC(=O)C
indinavir	CBVCZFGXHXORBI-PXQQMZJSSA-N	Indinavir	55	36	13	2	4	0.2363636363593388	0	substrate_count	CC(C)(C)NC(=O)[C@@H]1CN(CCN1C[C@H](C[C@@H](CC2=CC=CC=C2)C(=O)N[C@@H]3[C@@H](CC4=CC=CC=C34)O)O)CC5=CN=CC=C5
gabapentin	UGJMXCAKCUNAIE-UHFFFAOYSA-N	Gabapentin	4	2	1	0	1	0.2499999999375	0	substrate_count	"C1CCC(CC1)(CC(=O)O)CN
C1CCC(CC1)(CC(=O)[O-])C[NH3+]"
talazoparib	HWGQMRYQVZSGDQ-HZPDHXFCSA-N	Talazoparib	3	2	0	0	1	0.0	0	substrate_count	CN1C(=NC=N1)[C@@H]2[C@H](NC3=CC(=CC4=C3C2=NNC4=O)F)C5=CC=C(C=C5)F
bortezomib	GXJABQQUPOEUTA-RDJZCZTQSA-N	Bortezomib	16	11	2	0	3	0.1249999999921875	0	substrate_count	B([C@H](CC(C)C)NC(=O)[C@H](CC1=CC=CC=C1)NC(=O)C2=NC=CN=C2)(O)O
Di(2-ethylhexyl)phthalate	BJQHLKABXJIVAM-UHFFFAOYSA-N	Bis(2-ethylhexyl) phthalate	4	0	1	3	0	0.2499999999375	0	inducer_count	CCCCC(CC)COC(=O)C1=CC=CC=C1C(=O)OCC(CC)CCCC
[11C]verapamil	SGTNSNPWRIOYBX-KTXUZGJCSA-N	alpha-(3-((2-(3,4-Dimethoxyphenyl)ethyl)methyl-11C-amino)propyl)-3,4-dimethoxy-alpha-(1-methylethyl)benzeneacetonitrile	9	9	0	0	0	0.0	0	substrate_count	CC(C)C(CCCN([11CH3])CCC1=CC(=C(C=C1)OC)OC)(C#N)C2=CC(=C(C=C2)OC)OC
tacrolimus	QJJXYPPXXYFBGM-LFZNUXCKSA-N	Tacrolimus	152	123	24	2	3	0.1578947368410665	0	substrate_count	C[C@@H]1C[C@@H]([C@@H]2[C@H](C[C@H]([C@@](O2)(C(=O)C(=O)N3CCCC[C@H]3C(=O)O[C@@H]([C@@H]([C@H](CC(=O)[C@@H](/C=C(/C1)\C)CC=C)O)C)/C(=C/[C@@H]4CC[C@H]([C@@H](C4)OC)O)/C)O)C)OC)OC
AMP.PNP	PVKSNHVPLWYQGJ-KQYNXXCUSA-N	Adenylyl Imidodiphosphate	4	0	0	0	4	0.0	0	other_count	C1=NC(=C2C(=N1)N(C=N2)[C@H]3[C@@H]([C@@H]([C@H](O3)COP(=O)(O)OP(=O)(NP(=O)(O)O)O)O)O)N
docetaxel	ZDZOTLJHXYCWBA-VCVYQWHSSA-N	Docetaxel	134	121	3	9	1	0.0223880597013254	0	substrate_count	CC1=C2[C@H](C(=O)[C@@]3([C@H](C[C@@H]4[C@]([C@H]3[C@@H]([C@@](C2(C)C)(C[C@@H]1OC(=O)[C@@H]([C@H](C5=CC=CC=C5)NC(=O)OC(C)(C)C)O)O)OC(=O)C6=CC=CC=C6)(CO4)OC(=O)C)O)C)O
sphingosine	WWUZIQQURGPMPG-KRWOKUGFSA-N	Sphingosine	3	1	0	1	1	0.0	0	substrate_count	CCCCCCCCCCCCC/C=C/[C@H]([C@H](CO)N)O
diazepam	AAOVKJBEBIDNHE-UHFFFAOYSA-N	Diazepam	3	1	0	0	2	0.0	0	other_count	CN1C(=O)CN=C(C2=C1C=CC(=C2)Cl)C3=CC=CC=C3
rosuvastatin	BPRHUIZQVSMCRT-VEUZHWNKSA-N	Rosuvastatin	11	9	0	0	2	0.0	0	substrate_count	CC(C)C1=NC(=NC(=C1/C=C/[C@H](C[C@H](CC(=O)O)O)O)C2=CC=C(C=C2)F)N(C)S(=O)(=O)C
irinotecan	UWKQSNNFCGGAFS-XIFFEERXSA-N	Irinotecan	39	36	1	0	2	0.0256410256403681	0	substrate_count	CCC1=C2CN3C(=CC4=C(C3=O)COC(=O)[C@@]4(CC)O)C2=NC5=C1C=C(C=C5)OC(=O)N6CCC(CC6)N7CCCCC7
furosemide	ZZUFCTLCJUWOSV-UHFFFAOYSA-N	Furosemide	4	3	0	0	1	0.0	0	substrate_count	"C1=COC(=C1)CNC2=CC(=C(C=C2C(=O)O)S(=O)(=O)N)Cl
C1=COC(=C1)C[NH2+]C2=CC(=C(C=C2C(=O)[O-])S(=O)(=O)N)Cl"
celiprolol	JOATXPAWOHTVSZ-UHFFFAOYSA-N	Celiprolol	11	9	1	1	0	0.0909090909008264	0	substrate_count	CCN(CC)C(=O)NC1=CC(=C(C=C1)OCC(CNC(C)(C)C)O)C(=O)C
nadolol	VWPOSFSPZNDTMJ-UCWKZMIHSA-N	Nadolol	8	7	0	0	1	0.0	0	substrate_count	CC(C)(C)NCC(COC1=CC=CC2=C1C[C@@H]([C@@H](C2)O)O)O
tenofovir	SGOIRFVFHAKUTI-ZCFIWIBFSA-N	Tenofovir	6	3	1	1	1	0.1666666666388888	0	substrate_count	C[C@H](CN1C=NC2=C(N=CN=C21)N)OCP(=O)(O)O
epothilone B	QXRSDHAAWVKZLJ-PVYNADRNSA-N	Epothilone B	3	1	0	0	2	0.0	0	other_count	C[C@H]1CCC[C@@]2([C@@H](O2)C[C@H](OC(=O)C[C@@H](C(C(=O)[C@@H]([C@H]1O)C)(C)C)O)/C(=C/C3=CSC(=N3)C)/C)C
abacavir	MCGSCOLBFJQGHM-SCZZXKLOSA-N	Abacavir	12	10	1	1	0	0.0833333333263888	0	substrate_count	C1CC1NC2=C3C(=NC(=N2)N)N(C=N3)[C@@H]4C[C@@H](C=C4)CO
rivaroxaban	KGFYHTZWPPHNLQ-AWEZNQCLSA-N	Rivaroxaban	67	66	0	0	1	0.0	0	substrate_count	C1COCC(=O)N1C2=CC=C(C=C2)N3C[C@@H](OC3=O)CNC(=O)C4=CC=C(S4)Cl
pentamidine	XDRYMKDFEDOLFX-UHFFFAOYSA-N	Pentamidine	3	2	0	0	1	0.0	0	substrate_count	C1=CC(=CC=C1C(=N)N)OCCCCCOC2=CC=C(C=C2)C(=N)N
tenofovir alafenamide	LDEKQSIMHVQZJK-CAQYMETFSA-N	Tenofovir Alafenamide	4	4	0	0	0	0.0	0	substrate_count	C[C@H](CN1C=NC2=C(N=CN=C21)N)OC[P@@](=O)(N[C@@H](C)C(=O)OC(C)C)OC3=CC=CC=C3
ezetimibe glucuronide	UOFYCFMTERCNEW-ADEYADIWSA-N	Ezetimibe Phenoxy Glucuronide	3	3	0	0	0	0.0	0	substrate_count	C1=CC(=CC=C1[C@@H]2[C@H](C(=O)N2C3=CC=C(C=C3)F)CC[C@@H](C4=CC=C(C=C4)F)O)O[C@H]5[C@@H]([C@H]([C@@H]([C@H](O5)C(=O)O)O)O)O
PF-00835231	QDIMHKWNHMVDJB-WBAXXEDZSA-N	PF-00835231	3	3	0	0	0	0.0	0	substrate_count	CC(C)C[C@@H](C(=O)N[C@@H](C[C@@H]1CCNC1=O)C(=O)CO)NC(=O)C2=CC3=C(N2)C=CC=C3OC
adrenaline	UCTWMZQNUQWSLP-VIFPVBQESA-N	Epinephrine	4	0	1	3	0	0.2499999999375	0	inducer_count	"CNC[C@@H](C1=CC(=C(C=C1)O)O)O
C[NH2+]C[C@@H](C1=CC(=C(C=C1)[O-])O)O"
nintedanib	XZXHXSATPCNXJR-ZIADKAODSA-N	Nintedanib	11	10	0	0	1	0.0	0	substrate_count	CN1CCN(CC1)CC(=O)N(C)C2=CC=C(C=C2)N/C(=C\3/C4=C(C=C(C=C4)C(=O)OC)NC3=O)/C5=CC=CC=C5
17-AAG	AYUNIORJHRXIBJ-TXHRRWQRSA-N	Tanespimycin	8	5	2	0	1	0.24999999996875	0	substrate_count	C[C@H]1C[C@@H]([C@@H]([C@H](/C=C(/[C@@H]([C@H](/C=C\C=C(\C(=O)NC2=CC(=O)C(=C(C1)C2=O)NCC=C)/C)OC)OC(=O)N)\C)C)O)OC
erlotinib	AAKJLRGGTJKAMG-UHFFFAOYSA-N	Erlotinib	24	15	6	1	2	0.2499999999895833	0	substrate_count	COCCOC1=C(C=C2C(=C1)C(=NC=N2)NC3=CC=CC(=C3)C#C)OCCOC
daunorubicin	STQGQHZAVUOBTE-VGBVRHCVSA-N	Daunorubicin	347	318	11	14	4	0.0317002881843466	0	substrate_count	C[C@H]1[C@H]([C@H](C[C@@H](O1)O[C@H]2C[C@@](CC3=C2C(=C4C(=C3O)C(=O)C5=C(C4=O)C(=CC=C5)OC)O)(C(=O)C)O)N)O
domperidone	FGXWKSZFVQUSTL-UHFFFAOYSA-N	Domperidone	7	7	0	0	0	0.0	0	substrate_count	C1CN(CCC1N2C3=C(C=C(C=C3)Cl)NC2=O)CCCN4C5=CC=CC=C5NC4=O
puerarin	HKEAFJYKMMKDOR-VPRICQMDSA-N	Puerarin	10	7	3	0	0	0.29999999997	0	substrate_count	C1=CC(=CC=C1C2=COC3=C(C2=O)C=CC(=C3[C@H]4[C@@H]([C@H]([C@@H]([C@H](O4)CO)O)O)O)O)O
amsacrine	XCPGHVQEEXUHNC-UHFFFAOYSA-N	Amsacrine	3	3	0	0	0	0.0	0	substrate_count	COC1=C(C=CC(=C1)NS(=O)(=O)C)NC2=C3C=CC=CC3=NC4=CC=CC=C42
ortataxel	BWKDAMBGCPRVPI-ZQRPHVBESA-N	Ortataxel	5	1	1	0	3	0.19999999996	0	other_count	CC1=C2[C@H](C(=O)[C@@]3([C@H](C[C@@H]4[C@]([C@H]3[C@@H]([C@@]5(C2(C)C)[C@H]([C@@H]1OC(=O)[C@@H]([C@H](CC(C)C)NC(=O)OC(C)(C)C)O)OC(=O)O5)OC(=O)C6=CC=CC=C6)(CO4)OC(=O)C)O)C)OC(=O)C
aliskiren	UXOWGYHJODZGMF-QORCZRPOSA-N	Aliskiren	11	11	0	0	0	0.0	0	substrate_count	CC(C)[C@@H](CC1=CC(=C(C=C1)OC)OCCCOC)C[C@@H]([C@H](C[C@@H](C(C)C)C(=O)NCC(C)(C)C(=O)N)O)N
lenvatinib	WOSKHXYHFSIKNG-UHFFFAOYSA-N	Lenvatinib	6	5	1	0	0	0.1666666666388888	0	substrate_count	COC1=CC2=NC=CC(=C2C=C1C(=O)N)OC3=CC(=C(C=C3)NC(=O)NC4CC4)Cl
arsenite	OWTFKEBRIAXSMO-UHFFFAOYSA-N	Arsenite ion	4	1	0	2	1	0.0	0	inducer_count	[O-][As]([O-])[O-]
hyperforin	KGSZHKRKHXOAMG-HQKKAZOISA-N	Hyperforin	20	0	3	13	4	0.1499999999925	0	inducer_count	CC(C)C(=O)[C@]12C(=O)C(=C([C@](C1=O)(C[C@@H]([C@@]2(C)CCC=C(C)C)CC=C(C)C)CC=C(C)C)O)CC=C(C)C
12-O-tetradecanoylphorbol-13-acetate	PHEDXBVPIONUQT-RGYGYFBISA-N	Phorbol 12-myristate 13-acetate	18	0	0	12	6	0.0	0	inducer_count	CCCCCCCCCCCCCC(=O)O[C@@H]1[C@H]([C@]2([C@@H](C=C(C[C@]3([C@H]2C=C(C3=O)C)O)CO)[C@H]4[C@@]1(C4(C)C)OC(=O)C)O)C
cycloheximide	YPHMISFOHDHNIV-FSZOTQKASA-N	Cycloheximide	4	1	0	2	1	0.0	0	inducer_count	C[C@H]1C[C@@H](C(=O)[C@@H](C1)[C@@H](CC2CC(=O)NC(=O)C2)O)C
simvastatin acid	XWLXKKNPFMNSFA-HGQWONQESA-N	Simvastatin acid	4	3	0	0	1	0.0	0	substrate_count	CCC(C)(C)C(=O)O[C@H]1C[C@H](C=C2[C@H]1[C@H]([C@H](C=C2)C)CC[C@H](C[C@H](CC(=O)O)O)O)C
steroids	DNVZSDMHLPWULM-PFJMVCNFSA-N	Steroids	8	7	1	0	0	0.124999999984375	0	substrate_count	C[C@H]([C@@H]1CC[C@H]2[C@]1(CC[C@@H]3[C@@H]2CC=C4[C@]3(CC[C@@H](C4)N(C)C)C)C)N(C)C(=O)C
mitoxantrone	KKZJGLLVHKMTCM-UHFFFAOYSA-N	Mitoxantrone	60	54	0	5	1	0.0	0	substrate_count	C1=CC(=C2C(=C1NCCNCCO)C(=O)C3=C(C=CC(=C3C2=O)O)O)NCCNCCO
fluo-3	OZLGRUXZXMRXGP-UHFFFAOYSA-N	Fluo-3	3	3	0	0	0	0.0	0	substrate_count	CC1=CC(=C(C=C1)N(CC(=O)O)CC(=O)O)OCCOC2=C(C=CC(=C2)C3=C4C=C(C(=O)C=C4OC5=CC(=C(C=C53)Cl)O)Cl)N(CC(=O)O)CC(=O)O
epirubicin	AOJJSUZBOXZQNB-VTZDEGQISA-N	Epirubicin	52	43	1	7	1	0.0192307692303994	0	substrate_count	C[C@H]1[C@@H]([C@H](C[C@@H](O1)O[C@H]2C[C@@](CC3=C2C(=C4C(=C3O)C(=O)C5=C(C4=O)C(=CC=C5)OC)O)(C(=O)CO)O)N)O
topiramate	KJADKKWYZYXHBB-XBWDGYHZSA-N	Topiramate	4	2	0	1	1	0.0	0	substrate_count	CC1(O[C@@H]2CO[C@@]3([C@H]([C@@H]2O1)OC(O3)(C)C)COS(=O)(=O)N)C
bilastine	ACCMWZWAEFYUGZ-UHFFFAOYSA-N	Bilastine	7	6	1	0	0	0.1428571428367347	0	substrate_count	"CCOCCN1C2=CC=CC=C2N=C1C3CCN(CC3)CCC4=CC=C(C=C4)C(C)(C)C(=O)O
CCOCCN1C2=CC=CC=C2N=C1C3CC[NH+](CC3)CCC4=CC=C(C=C4)C(C)(C)C(=O)[O-]"
paliperidone	PMXMIIMHBWHSKN-UHFFFAOYSA-N	Paliperidone	18	14	3	0	1	0.1666666666574074	0	substrate_count	CC1=C(C(=O)N2CCCC(C2=N1)O)CCN3CCC(CC3)C4=NOC5=C4C=CC(=C5)F
asiatic acid	JXSVIVRDWWRQRT-UYDOISQJSA-N	Asiatic Acid	4	1	1	1	1	0.2499999999375	0	substrate_count	C[C@@H]1CC[C@@]2(CC[C@@]3(C(=CC[C@H]4[C@]3(CC[C@@H]5[C@@]4(C[C@H]([C@@H]([C@@]5(C)CO)O)O)C)C)[C@@H]2[C@H]1C)C)C(=O)O
suberoylanilide hydroxamic acid	WAEXFXRVDQXREF-UHFFFAOYSA-N	Vorinostat	8	0	0	5	3	0.0	0	inducer_count	C1=CC=C(C=C1)NC(=O)CCCCCCC(=O)NO
5-aza-2'-deoxycytidine	XAUDJQYHKZQPEU-KVQBGUIXSA-N	Decitabine	5	0	1	1	3	0.19999999996	0	other_count	C1[C@@H]([C@H](O[C@H]1N2C=NC(=NC2=O)N)CO)O
actinomycin D	RJURFGZVJUQBHK-IIXSONLDSA-N	Dactinomycin	57	45	5	4	3	0.0877192982440751	0	substrate_count	C[C@@H]1[C@@H](C(=O)N[C@@H](C(=O)N2CCC[C@H]2C(=O)N(CC(=O)N([C@H](C(=O)O1)C(C)C)C)C)C(C)C)NC(=O)C3=C4C(=C(C=C3)C)OC5=C(C(=O)C(=C(C5=N4)C(=O)N[C@H]6[C@H](OC(=O)[C@@H](N(C(=O)CN(C(=O)[C@@H]7CCCN7C(=O)[C@H](NC6=O)C(C)C)C)C)C(C)C)C)N)C
artemisinin	BLUAFEHZUWYNDE-DKGJTOOQSA-N	Artemisinin	8	2	2	4	0	0.24999999996875	0	inducer_count	C[C@@H]1CC[C@H]2[C@H](C(=O)O[C@H]3[C@@]24[C@H]1CC[C@@](O3)(OO4)C)C
bupropion	SNPPWIUOZRMYNY-UHFFFAOYSA-N	Bupropion	4	2	0	0	2	0.0	0	substrate_count	CC(C(=O)C1=CC(=CC=C1)Cl)NC(C)(C)C
salvicine	NZIUPDOWWMGNCV-UHFFFAOYSA-N	Salvicine	3	0	0	0	3	0.0	0	other_count	CC1=C(C2=C(C=C1)C=C(C(=O)C2=O)C(C)C)CCC(C(C)(C)O)O
aldosterone	PQSUYGKTWSAVDQ-ZVIOFETBSA-N	Aldosterone	10	8	1	1	0	0.09999999999	0	substrate_count	C[C@]12CCC(=O)C=C1CC[C@@H]3[C@@H]2[C@H](C[C@]4([C@H]3CC[C@@H]4C(=O)CO)C=O)O
amisulpride	NTJOBXMMWNYJFB-UHFFFAOYSA-N	Amisulpride	7	6	0	0	1	0.0	0	substrate_count	CCN1CCCC1CNC(=O)C2=CC(=C(C=C2OC)N)S(=O)(=O)CC
fluvastatin	FJLGEFLZQAZZCD-MCBHFWOFSA-N	Fluvastatin	7	4	1	0	2	0.1428571428367347	0	substrate_count	CC(C)N1C2=CC=CC=C2C(=C1/C=C/[C@H](C[C@H](CC(=O)O)O)O)C3=CC=C(C=C3)F
platelet-activating factor	HVAUUPRFYPCOCA-AREMUKBSSA-N	Platelet-activating factor	4	3	1	0	0	0.2499999999375	0	substrate_count	CCCCCCCCCCCCCCCCOC[C@H](COP(=O)([O-])OCC[N+](C)(C)C)OC(=O)C
dexamethasone	UREBDLICKHMUKA-CXSFZGCWSA-N	Dexamethasone	56	27	2	23	4	0.0357142857136479	0	substrate_count	C[C@@H]1C[C@H]2[C@@H]3CCC4=CC(=O)C=C[C@@]4([C@]3([C@H](C[C@@]2([C@]1(C(=O)CO)O)C)O)F)C
atorvastatin	XUKUURHRXDUEBC-KAYWLYCHSA-N	Atorvastatin	51	29	15	1	6	0.2941176470530565	0	substrate_count	CC(C)C1=C(C(=C(N1CC[C@H](C[C@H](CC(=O)O)O)O)C2=CC=C(C=C2)F)C3=CC=CC=C3)C(=O)NC4=CC=CC=C4
bosentan	GJPICJJJRGTNOD-UHFFFAOYSA-N	Bosentan	3	1	0	2	0	0.0	0	inducer_count	CC(C)(C)C1=CC=C(C=C1)S(=O)(=O)NC2=C(C(=NC(=N2)C3=NC=CC=N3)OCCO)OC4=CC=CC=C4OC
fentanyl	PJMPHNIQZUBGLI-UHFFFAOYSA-N	Fentanyl	17	15	2	0	0	0.117647058816609	0	substrate_count	CCC(=O)N(C1CCN(CC1)CCC2=CC=CC=C2)C3=CC=CC=C3
rhodamine B	DUACXGKWAOETBL-UHFFFAOYSA-N	Rhodamine B	15	13	1	0	1	0.0666666666622222	0	substrate_count	CCN(CC)C1=CC2=C(C=C1)C(=C3C=CC(=[N+](CC)CC)C=C3O2)C4=CC=CC=C4C(=O)C
rifabutin	ATEBXHFBFRCZMA-VXTBVIBXSA-N	Rifabutin	4	0	1	3	0	0.2499999999375	0	inducer_count	C[C@H]1/C=C/C=C(\C(=O)NC2=C3C(=NC4(N3)CCN(CC4)CC(C)C)C5=C(C2=O)C(=C(C6=C5C(=O)[C@](O6)(O/C=C/[C@@H]([C@H]([C@H]([C@@H]([C@@H]([C@@H]([C@H]1O)C)O)C)OC(=O)C)C)OC)C)C)O)/C
fluorescent substrate	SUTRDULVNIPNLW-SFHVURJKSA-N	Boc-Lys(Ac)-AMC	3	3	0	0	0	0.0	0	substrate_count	CC1=CC(=O)OC2=C1C=CC(=C2)NC(=O)[C@H](CCCCNC(=O)C)NC(=O)OC(C)(C)C
talinolol	MXFWWQICDIZSOA-UHFFFAOYSA-N	Talinolol	60	58	2	0	0	0.0333333333327777	0	substrate_count	CC(C)(C)NCC(COC1=CC=C(C=C1)NC(=O)NC2CCCCC2)O
1-O-octadecyl-2-O-methyl-rac-glycero-3-phosphocholine	MHFRGQHAERHWKZ-UHFFFAOYSA-N	Edelfosine	3	2	0	0	1	0.0	0	substrate_count	CCCCCCCCCCCCCCCCCCOCC(COP(=O)([O-])OCC[N+](C)(C)C)OC
teniposide	NRUKOCRGYNPUPR-QBPJDGROSA-N	Teniposide	9	9	0	0	0	0.0	0	substrate_count	COC1=CC(=CC(=C1O)OC)[C@H]2[C@@H]3[C@H](COC3=O)[C@@H](C4=CC5=C(C=C24)OCO5)O[C@H]6[C@@H]([C@H]([C@H]7[C@H](O6)CO[C@H](O7)C8=CC=CS8)O)O
YM155	OTSOOHRUMBRSHZ-UHFFFAOYSA-N	Sepantronium	6	6	0	0	0	0.0	0	substrate_count	CC1=[N+](C2=C(N1CCOC)C(=O)C3=CC=CC=C3C2=O)CC4=NC=CN=C4
saquinavir	QWAXKHKRTORLEM-UGJKXSETSA-N	Saquinavir	95	73	15	5	2	0.1578947368404432	0	substrate_count	CC(C)(C)NC(=O)[C@@H]1C[C@@H]2CCCC[C@@H]2CN1C[C@H]([C@H](CC3=CC=CC=C3)NC(=O)[C@H](CC(=O)N)NC(=O)C4=NC5=CC=CC=C5C=C4)O
Delta(9)-tetrahydrocannabinol	CYQFCXCEBYINGO-IAGOWNOFSA-N	Dronabinol	7	4	1	1	1	0.1428571428367347	0	substrate_count	CCCCCC1=CC(=C2[C@@H]3C=C(CC[C@H]3C(OC2=C1)(C)C)C)O
puromycin	RXWNCPJZOCPEPQ-NVWDDTSBSA-N	Puromycin	9	7	1	0	1	0.1111111110987654	0	substrate_count	CN(C)C1=NC=NC2=C1N=CN2[C@H]3[C@@H]([C@@H]([C@H](O3)CO)NC(=O)[C@H](CC4=CC=C(C=C4)OC)N)O
darifenacin	HXGBXQDTNZMWGS-RUZDIDTESA-N	Darifenacin	4	4	0	0	0	0.0	0	substrate_count	C1CN(C[C@@H]1C(C2=CC=CC=C2)(C3=CC=CC=C3)C(=O)N)CCC4=CC5=C(C=C4)OCC5
galantamine	ASUTZQLVASHGKV-JDFRZJQESA-N	Galantamine	4	2	1	0	1	0.2499999999375	0	substrate_count	CN1CC[C@@]23C=C[C@@H](C[C@@H]2OC4=C(C=CC(=C34)C1)OC)O
diclofenac	DCOPUUMXTXDBNB-UHFFFAOYSA-N	Diclofenac	3	0	0	2	1	0.0	0	inducer_count	C1=CC=C(C(=C1)CC(=O)O)NC2=C(C=CC=C2Cl)Cl
chlorpyrifos	SBPBAQFWLVIOKP-UHFFFAOYSA-N	Chlorpyrifos	4	2	0	2	0	0.0	0	substrate_count	CCOP(=S)(OCC)OC1=NC(=C(C=C1Cl)Cl)Cl
trabectedin	PKVRCIRHQMSYJX-AIFWHQITSA-N	Trabectedin	5	3	0	0	2	0.0	0	substrate_count	CC1=CC2=C([C@@H]3[C@@H]4[C@H]5C6=C(C(=C7C(=C6[C@@H](N4[C@H]([C@H](C2)N3C)O)COC(=O)[C@@]8(CS5)C9=CC(=C(C=C9CCN8)O)OC)OCO7)C)OC(=O)C)C(=C1OC)O
camptothecin	VSJKWCGYPAHWDS-FQEVSTJZSA-N	Camptothecin	6	4	0	0	2	0.0	0	substrate_count	CC[C@@]1(C2=C(COC1=O)C(=O)N3CC4=CC5=CC=CC=C5N=C4C3=C2)O
cabazitaxel	BMQGVNUXMIRLCK-OAGWZNDDSA-N	Cabazitaxel	22	17	1	0	4	0.0454545454524793	0	substrate_count	CC1=C2[C@H](C(=O)[C@@]3([C@H](C[C@@H]4[C@]([C@H]3[C@@H]([C@@](C2(C)C)(C[C@@H]1OC(=O)[C@@H]([C@H](C5=CC=CC=C5)NC(=O)OC(C)(C)C)O)O)OC(=O)C6=CC=CC=C6)(CO4)OC(=O)C)OC)C)OC
lamotrigine	PYZRQGJRPPTADH-UHFFFAOYSA-N	Lamotrigine	7	4	2	0	1	0.2857142856734694	0	substrate_count	C1=CC(=C(C(=C1)Cl)Cl)C2=C(N=C(N=N2)N)N
pristimerin	JFACETXYABVHFD-WXPPGMDDSA-N	Pristimerin	3	2	0	0	1	0.0	0	substrate_count	CC1=C(C(=O)C=C2C1=CC=C3[C@]2(CC[C@@]4([C@@]3(CC[C@@]5([C@H]4C[C@](CC5)(C)C(=O)OC)C)C)C)C)O
romidepsin	OHRURASPPZQGQM-GCCNXGTGSA-N	Romidepsin	19	14	0	5	0	0.0	0	substrate_count	C/C=C\1/C(=O)N[C@H](C(=O)O[C@H]\2CC(=O)N[C@@H](C(=O)N[C@H](CSSCC/C=C2)C(=O)N1)C(C)C)C(C)C
oxycodone	BRUQQQPBMZOVGD-XFKAJCMBSA-N	Oxycodone	8	5	0	1	2	0.0	0	substrate_count	CN1CC[C@]23[C@@H]4C(=O)CC[C@]2([C@H]1CC5=C3C(=C(C=C5)OC)O4)O
sirolimus	QFJCIRLUMZQUOT-HPLJOQBZSA-N	Sirolimus	51	33	13	1	4	0.2549019607793156	0	substrate_count	C[C@@H]1CC[C@H]2C[C@@H](/C(=C/C=C/C=C/[C@H](C[C@H](C(=O)[C@@H]([C@@H](/C(=C/[C@H](C(=O)C[C@H](OC(=O)[C@@H]3CCCCN3C(=O)C(=O)[C@@]1(O2)O)[C@H](C)C[C@@H]4CC[C@H]([C@@H](C4)OC)O)C)/C)O)OC)C)C)/C)OC
idarubicin	XDXDZDZNSLXDNA-TZNDIEGXSA-N	Idarubicin	31	21	2	2	6	0.0645161290301769	0	substrate_count	C[C@H]1[C@H]([C@H](C[C@@H](O1)O[C@H]2C[C@@](CC3=C2C(=C4C(=C3O)C(=O)C5=CC=CC=C5C4=O)O)(C(=O)C)O)N)O
dasatinib	ZBNZXTGUTAYRHI-UHFFFAOYSA-N	Dasatinib	24	17	5	0	2	0.2083333333246528	0	substrate_count	CC1=C(C(=CC=C1)Cl)NC(=O)C2=CN=C(S2)NC3=CC(=NC(=N3)C)N4CCN(CC4)CCO
thapsigargin	IXFPJGBNCFXKPI-FSIHEZPISA-N	Thapsigargin	7	3	0	2	2	0.0	0	substrate_count	CCCCCCCC(=O)O[C@H]1[C@H]2C(=C([C@@H]1OC(=O)/C(=C\C)/C)C)[C@H]3[C@]([C@H](C[C@]2(C)OC(=O)C)OC(=O)CCC)([C@](C(=O)O3)(C)O)O
gemcitabine	SDUQYLNIPVEERB-QPPQHZFASA-N	Gemcitabine	9	4	0	2	3	0.0	0	substrate_count	C1=CN(C(=O)N=C1N)[C@H]2C([C@@H]([C@H](O2)CO)O)(F)F
apafant	JGPJQFOROWSRRS-UHFFFAOYSA-N	Apafant	3	3	0	0	0	0.0	0	substrate_count	CC1=NN=C2N1C3=C(C=C(S3)CCC(=O)N4CCOCC4)C(=NC2)C5=CC=CC=C5Cl
lacosamide	VPPJLAIAVCUEMN-GFCCVEGCSA-N	Lacosamide	3	2	0	0	1	0.0	0	substrate_count	CC(=O)N[C@H](COC)C(=O)NCC1=CC=CC=C1
berberine	YBHILYKTIRIUTE-UHFFFAOYSA-N	Berberine	30	18	6	5	1	0.1999999999933333	0	substrate_count	COC1=C(C2=C[N+]3=C(C=C2C=C1)C4=CC5=C(C=C4CC3)OCO5)OC
licarbazepine	BMPDWHIDQYTSHX-UHFFFAOYSA-N	Licarbazepine	5	5	0	0	0	0.0	0	substrate_count	C1C(C2=CC=CC=C2N(C3=CC=CC=C31)C(=O)N)O
ethanol	LFQSCWFLJHTTHZ-UHFFFAOYSA-N	Ethanol	6	0	1	4	1	0.1666666666388888	0	inducer_count	CCO
edaravone	QELUYTUMUWHWMC-UHFFFAOYSA-N	Edaravone	4	3	0	0	1	0.0	0	substrate_count	CC1=NN(C(=O)C1)C2=CC=CC=C2
estradiol	VOXZDWNPVJITMN-ZBRFXRBCSA-N	Estradiol	11	1	1	7	2	0.0909090909008264	0	inducer_count	C[C@]12CC[C@H]3[C@H]([C@@H]1CC[C@@H]2O)CCC4=C3C=CC(=C4)O
MgATP	ZKHQWZAMYRWXGA-KQYNXXCUSA-L	[[[(2R,3S,4R,5R)-5-(6-aminopurin-9-yl)-3,4-dihydroxyoxolan-2-yl]methoxy-hydroxyphosphoryl]oxy-oxidophosphoryl] hydrogen phosphate	8	0	0	0	8	0.0	0	other_count	C1=NC(=C2C(=N1)N(C=N2)[C@H]3[C@@H]([C@@H]([C@H](O3)COP(=O)(O)OP(=O)([O-])OP(=O)(O)[O-])O)O)N
dibromobimane	OSIYFMVMZXJKSP-UHFFFAOYSA-N	Dibromobimane	4	3	0	1	0	0.0	0	substrate_count	CC1=C(N2C(=C(C(=O)N2C1=O)C)CBr)CBr
zolmitriptan	ULSDMUVEXKOYBU-ZDUSSCGKSA-N	Zolmitriptan	3	3	0	0	0	0.0	0	substrate_count	CN(C)CCC1=CNC2=C1C=C(C=C2)C[C@H]3COC(=O)N3
99mTc-MIBI	LJJFNFYPZOHRHM-UHFFFAOYSA-N	2-Methoxyisobutylisonitrile	44	44	0	0	0	0.0	0	substrate_count	CC(C)(C[N+]#[C-])OC
1α,25-dihydroxyvitamin D3	GMRQFYUYWCNGIN-NKMMMXOESA-N	Calcitriol	15	0	2	13	0	0.1333333333244444	0	inducer_count	C[C@H](CCCC(C)(C)O)[C@H]1CC[C@@H]\2[C@@]1(CCC/C2=C\C=C/3\C[C@H](C[C@@H](C3=C)O)O)C
Oleanolic acid	MIJYXULNPSFWEK-GTOFXWBISA-N	Oleanolic Acid	4	2	1	0	1	0.2499999999375	0	substrate_count	C[C@]12CC[C@@H](C([C@@H]1CC[C@@]3([C@@H]2CC=C4[C@]3(CC[C@@]5([C@H]4CC(CC5)(C)C)C(=O)O)C)C)(C)C)O
rucaparib	HMABYWSNWIZPAG-UHFFFAOYSA-N	Rucaparib	5	4	1	0	0	0.19999999996	0	substrate_count	CNCC1=CC=C(C=C1)C2=C3CCNC(=O)C4=C3C(=CC(=C4)F)N2
sitagliptin	MFFMDFFZMYYVKS-SECBINFHSA-N	Sitagliptin	3	3	0	0	0	0.0	0	substrate_count	C1CN2C(=NN=C2C(F)(F)F)CN1C(=O)C[C@@H](CC3=CC(=C(C=C3F)F)F)N
vinblastine	JXLYSJRDGCGARV-CFWMRBGOSA-N	Vinblastine	451	380	45	16	10	0.0997782705097565	0	substrate_count	CC[C@@]1(C[C@H]2C[C@@](C3=C(CCN(C2)C1)C4=CC=CC=C4N3)(C5=C(C=C6C(=C5)[C@]78CCN9[C@H]7[C@@](C=CC9)([C@H]([C@@]([C@@H]8N6C)(C(=O)OC)O)OC(=O)C)CC)OC)C(=O)OC)O
TAS-103	ROWSTIYZUWEOMM-UHFFFAOYSA-N	6-((2-(dimethylamino)ethyl)amino)-3-hydroxy-7H-indeno(2,1-c)quinolin-7-one	3	0	0	0	3	0.0	0	other_count	CN(C)CCNC1=NC2=C(C=CC(=C2)O)C3=C1C(=O)C4=CC=CC=C43
VRT-325	FJNFVCAHHFNREI-UHFFFAOYSA-N	4-(Cyclohexyloxy)-2-(1-(4-[(4-methoxybenzene)sulfonyl]piperazin-1-yl)ethyl)quinazoline	3	0	0	0	3	0.0	0	other_count	CC(C1=NC2=CC=CC=C2C(=N1)OC3CCCCC3)N4CCN(CC4)S(=O)(=O)C5=CC=C(C=C5)OC
[18F]MC225	ZRXRCJGQDJTQQV-FMLNDMEQSA-N	Dwe4epg9L4	7	7	0	0	0	0.0	0	substrate_count	COC1=C(C=C2CN(CCC2=C1)CCCC3CCCC4=C3C=CC=C4OCC[18F])OC
flavopiridol	BIIVYFLTOXDAOV-YVEFUNNKSA-N	Alvocidib	4	2	1	0	1	0.2499999999375	0	substrate_count	CN1CC[C@@H]([C@@H](C1)O)C2=C(C=C(C3=C2OC(=CC3=O)C4=CC=CC=C4Cl)O)O
N-desmethyl-loperamide	ZMOPTLXEYOVARP-UHFFFAOYSA-N	N-desmethyl loperamide	9	8	1	0	0	0.1111111110987654	0	substrate_count	CNC(=O)C(CCN1CCC(CC1)(C2=CC=C(C=C2)Cl)O)(C3=CC=CC=C3)C4=CC=CC=C4
triapine	XMYKNCNAZKMVQN-NYYWCZLTSA-N	Triapine	3	2	0	1	0	0.0	0	substrate_count	C1=CC(=C(N=C1)/C=N/NC(=S)N)N
glutamate	WHUUTDBJXJRKMK-UHFFFAOYSA-L	Glutamate	7	0	0	7	0	0.0	0	inducer_count	C(CC(=O)[O-])C(C(=O)[O-])N
vincristine	OGWKCGZFUXNPDA-XQKSVPLYSA-N	Vincristine	334	302	9	21	2	0.0269461077843504	0	substrate_count	CC[C@@]1(C[C@@H]2C[C@@](C3=C(CCN(C2)C1)C4=CC=CC=C4N3)(C5=C(C=C6C(=C5)[C@]78CCN9[C@H]7[C@@](C=CC9)([C@H]([C@@]([C@@H]8N6C=O)(C(=O)OC)O)OC(=O)C)CC)OC)C(=O)OC)O
penicillin G	JGSARLDLIJGVTE-MBNYWOFBSA-N	Penicillin G	3	3	0	0	0	0.0	0	substrate_count	CC1([C@@H](N2[C@H](S1)[C@@H](C2=O)NC(=O)CC3=CC=CC=C3)C(=O)O)C
bisantrene	NJSMWLQOCQIOPE-OCHFTUDZSA-N	Bisantrene	6	6	0	0	0	0.0	0	substrate_count	C1NC(=NC1)N/N=C/C2=C3C(=C(C4=CC=CC=C24)/C=N/NC5=NCCN5)C=CC=C3
loperamide	RDOIQAHITMMDAJ-UHFFFAOYSA-N	Loperamide	60	53	6	1	0	0.0999999999983333	0	substrate_count	CN(C)C(=O)C(CCN1CCC(CC1)(C2=CC=C(C=C2)Cl)O)(C3=CC=CC=C3)C4=CC=CC=C4
methadone	USSIQXCVUWKGNF-UHFFFAOYSA-N	Methadone	26	19	5	0	2	0.1923076923002958	0	substrate_count	CCC(=O)C(CC(C)N(C)C)(C1=CC=CC=C1)C2=CC=CC=C2
U0126	DVEXZJFMOKTQEZ-JYFOCSDGSA-N	1,4-Diamino-2,3-dicyano-1,4-bis(o-aminophenylmercapto)butadiene	5	0	1	1	3	0.19999999996	0	other_count	C1=CC=C(C(=C1)N)S/C(=C(/C(=C(/SC2=CC=CC=C2N)\N)/C#N)\C#N)/N
[11C]tariquidar	LGGHDPFKSSRQNS-KTXUZGJCSA-N	[11C]Tariquidar	6	5	1	0	0	0.1666666666388888	0	substrate_count	COC1=C(C=C2CN(CCC2=C1)CCC3=CC=C(C=C3)NC(=O)C4=CC(=C(C=C4NC(=O)C5=CC6=CC=CC=C6N=C5)OC)O[11CH3])OC
Cd2+	WLZRMCYVCSSEQC-UHFFFAOYSA-N	Cadmium cation	3	1	0	2	0	0.0	0	inducer_count	[Cd+2]
cerivastatin	SEERZIQQUAZTOL-ANMDKAQQSA-N	Cerivastatin	3	2	0	1	0	0.0	0	substrate_count	CC(C)C1=C(C(=C(C(=N1)C(C)C)COC)C2=CC=C(C=C2)F)/C=C/[C@H](C[C@H](CC(=O)O)O)O
ethynyl estradiol	BFPYWIDHMRZLRN-SLHNCBLASA-N	Ethinyl Estradiol	7	3	1	2	1	0.1428571428367347	0	substrate_count	C[C@]12CC[C@H]3[C@H]([C@@H]1CC[C@]2(C#C)O)CCC4=C3C=CC(=C4)O
acetaminophen	RZVAJINKPMORJF-UHFFFAOYSA-N	Acetaminophen	7	4	2	1	0	0.2857142856734694	0	substrate_count	CC(=O)NC1=CC=C(C=C1)O
ximelagatran	ZXIBCJHYVWYIKI-PZJWPPBQSA-N	Ximelagatran	3	3	0	0	0	0.0	0	substrate_count	"CCOC(=O)CN[C@H](C1CCCCC1)C(=O)N2CC[C@H]2C(=O)NCC3=CC=C(C=C3)C(=NO)N
CCOC(=O)CN[C@H](C1CCCCC1)C(=O)N2CC[C@H]2C(=O)NCC3=CC=C(C=C3)/C(=N\O)/N
CCOC(=O)CN[C@H](C1CCCCC1)C(=O)N2CC[C@H]2C(=O)NCC3=CC=C(C=C3)/C(=N/O)/N"
